tick_L,tick_U,price_L,price_U,L_active
-887270,-667780,2.9395446283653923e-27,1.0003064211954249e-17,4147515132603498
-667780,-414490,1.0003064211954249e-17,9.996040641477101e-07,4147581354641010
-414490,-317650,9.996040641477101e-07,0.01604447476712992,4148698615631358
-317650,-317420,0.01604447476712992,0.0164177552946428,4182499382473842
-317420,-316830,0.0164177552946428,0.017415496952720634,4185180495041852
-316830,-312540,0.017415496952720634,0.02674477135151953,4199597029495668
-312540,-312310,0.02674477135151953,0.027366998161882875,4165796262653184
-312310,-311720,0.027366998161882875,0.02903014843015127,4163115150085174
-311720,-278550,0.02903014843015127,0.8004459837895115,4148698615631358
-278550,-273440,0.8004459837895115,1.3342752022989446,4154458295426157
-273440,-269390,1.3342752022989446,2.0004416399175513,4148698615631358
-269390,-262460,2.0004416399175513,4.000155872362714,4310671999423115
-262460,-260220,4.000155872362714,5.004423038993529,4311872570585087
-260220,-258200,5.004423038993529,6.124591313457656,4836328809950599
-258200,-253290,6.124591313457656,10.007026352461997,4837606439605616
-253290,-253240,10.007026352461997,10.057184266665509,6019484645646007
-253240,-252340,10.057184266665509,11.004262875076625,6022011842355213
-252340,-247660,11.004262875076625,17.571167234692652,6532791130273708
-247660,-247510,17.571167234692652,17.836708043839856,6558535315573316
-247510,-247390,17.836708043839856,18.052027105267474,6616406369914204
-247390,-247250,18.052027105267474,18.306520054453326,8003707263972794
-247250,-247040,18.306520054453326,18.69500233989814,8135130959449762
-247040,-247020,18.69500233989814,18.732427886403737,8182847813825643
-247020,-246940,18.732427886403737,18.88288079623963,8184524918448460
-246940,-246870,18.88288079623963,19.015518018767064,8185361614274421
-246870,-246860,19.015518018767064,19.0345420960512,8207045189217524
-246860,-246320,19.0345420960512,20.090611850345425,8224309362045874
-246320,-246190,20.090611850345425,20.353481612699152,8226395523563808
-246190,-246010,20.353481612699152,20.723142769087076,8226412905698182
-246010,-246000,20.723142769087076,20.74387523975762,8229920991641446
-246000,-245630,20.74387523975762,21.525734741442385,8243461313158961
-245630,-245570,21.525734741442385,21.655270893057438,8243513675966240
-245570,-245530,21.655270893057438,21.74206110189475,8259512867164070
-245530,-245450,21.74206110189475,21.916686429612362,8259962852887926
-245450,-245410,21.916686429612362,22.004524342222258,8259987244507526
-245410,-245320,22.004524342222258,22.203448933225918,8261529582135872
-245320,-245300,22.203448933225918,22.247898042968032,8289354410519295
-245300,-245230,22.247898042968032,22.404171835899064,8289994023823982
-245230,-245070,22.404171835899064,22.765503464028342,8329712105082350
-245070,-244970,22.765503464028342,22.99428908121601,8330441629574527
-244970,-244760,22.99428908121601,23.48225041673354,8341060554257852
-244760,-244670,23.48225041673354,23.694533899318582,8343225935942694
-244670,-244660,23.694533899318582,23.718239098601995,8414003462038884
-244660,-244630,23.718239098601995,23.789497086598956,8467409127027588
-244630,-244580,23.789497086598956,23.90873646019377,8467508038824737
-244580,-244540,23.90873646019377,24.004558130615898,8834486027365873
-244540,-244130,24.004558130615898,25.009148165682298,12612234321915363
-244130,-244120,25.009148165682298,25.034168570966276,15395487170918225
-244120,-244090,25.034168570966276,25.109380077019818,15729809256158397
-244090,-244020,25.109380077019818,25.28575350588057,15730131167097203
-244020,-244000,25.28575350588057,25.336373084662,17195288438632844
-244000,-243880,25.336373084662,25.642225715044294,17205212867514723
-243880,-243840,25.642225715044294,25.744994880844736,17269211617352037
-243840,-243740,25.744994880844736,26.003723379980038,17601200149739424
-243740,-243670,26.003723379980038,26.18637885939074,17904989328156497
-243670,-243640,26.18637885939074,26.26505201310544,17925189522989569
-243640,-243630,26.26505201310544,26.291328887544307,17929404801303186
-243630,-243610,26.291328887544307,26.343961528829134,17932130334029814
-243610,-243590,26.343961528829134,26.396699535458577,18071615576987694
-243590,-243570,26.396699535458577,26.449543118363632,18071628260028351
-243570,-243560,26.449543118363632,26.4760045669509,18104840971613029
-243560,-243530,26.4760045669509,26.555547858836782,18108337782535972
-243530,-243510,26.555547858836782,26.608709440381578,18109275242209075
-243510,-243490,26.608709440381578,26.661977446157096,18196712878398981
-243490,-243480,26.661977446157096,26.688651424693095,18196712880759986
-243480,-243410,26.688651424693095,26.87611797898492,18217745905344713
-243410,-243380,26.87611797898492,26.956863353225803,18227361917687547
-243380,-243370,26.956863353225803,26.983832350402924,18247414728537316
-243370,-243360,26.983832350402924,27.010828328716507,18763188734100885
-243360,-243350,27.010828328716507,27.037851315159838,32455108536338031
-243350,-243320,27.037851315159838,27.11908259360634,32482036395681900
-243320,-243270,27.11908259360634,27.255010747495277,32592548557750575
-243270,-243260,27.255010747495277,27.282278026268777,32629520161447170
-243260,-243240,27.282278026268777,27.33689444976458,33033899020769140
-243240,-243200,27.33689444976458,27.44645552567886,33056986635506406
-243200,-243190,27.44645552567886,27.473914335403673,33089260390437290
-243190,-243180,27.473914335403673,27.501400616297975,33091276053663750
-243180,-243160,27.501400616297975,27.556455701556658,34259114225268295
-243160,-243140,27.556455701556658,27.611621001653315,34337656410017460
-243140,-243100,27.611621001653315,27.72228312935907,34628856438429055
-243100,-243070,27.72228312935907,27.80557068330723,34658762075524320
-243070,-243060,27.80557068330723,27.833388769834595,34659207869143549
-243060,-243040,27.833388769834595,27.88910846255647,34690598837285838
-243040,-243000,27.88910846255647,28.00088270725215,34702826126895216
-243000,-242980,28.00088270725215,28.05693770627837,39848751401309944
-242980,-242950,28.05693770627837,28.141230681064314,39877020874041032
-242950,-242930,28.141230681064314,28.19756664285937,40373450272346891
-242930,-242920,28.19756664285937,28.225776901791516,40376259927769059
-242920,-242900,28.225776901791516,28.28228211676227,40388552368176194
-242900,-242890,28.28228211676227,28.310577129300455,40485929286695885
-242890,-242870,28.310577129300455,28.367252105943372,40783248441980664
-242870,-242850,28.367252105943372,28.42404054028667,40786730970158378
-242850,-242840,28.42404054028667,28.452477375056677,40798749190231751
-242840,-242810,28.452477375056677,28.537958691053493,41027645918561459
-242810,-242800,28.537958691053493,28.566509495251108,41848419625416989
-242800,-242760,28.566509495251108,28.680998634504533,41872462723708151
-242760,-242750,28.680998634504533,28.709692543030744,41876978577245610
-242750,-242730,28.709692543030744,28.767166509275594,41928082601602895
-242730,-242720,28.767166509275594,28.79594662446246,42174529621893332
-242720,-242710,28.79594662446246,28.824755532719017,42475921571918372
-242710,-242690,28.824755532719017,28.882459843694154,43227333863768203
-242690,-242650,28.882459843694154,28.99821525187855,43229471531041167
-242650,-242640,28.99821525187855,29.027226519807684,43287466536278685
-242640,-242630,29.027226519807684,29.056266812063296,44103811810411253
-242630,-242620,29.056266812063296,29.085336157682786,44104106759861898
-242620,-242610,29.085336157682786,29.114434585732585,53689387494460120
-242610,-242570,29.114434585732585,29.231119704582156,53922666101742157
-242570,-242560,29.231119704582156,29.260363981798953,54002710200521417
-242560,-242550,29.260363981798953,29.289637516456395,54355228743948831
-242550,-242540,29.289637516456395,29.318940337825104,54925495302367308
-242540,-242510,29.318940337825104,29.40702481534432,56092077117000058
-242510,-242500,29.40702481534432,29.436445076850294,67798537903849231
-242500,-242460,29.436445076850294,29.55442075253057,67858324778734558
-242460,-242430,29.55442075253057,29.64321269659041,67977454095569035
-242430,-242410,29.64321269659041,29.70255547789534,68197620466243074
-242410,-242400,29.70255547789534,29.732271403088127,68201194805115827
-242400,-242370,29.732271403088127,29.82159767347253,69115687354988955
-242370,-242360,29.82159767347253,29.851432694444174,69978635735362963
-242360,-242350,29.851432694444174,29.881297563866124,70086032921212972
-242350,-242340,29.881297563866124,29.911192311600274,70087585496478072
-242340,-242320,29.911192311600274,29.971071561602113,71444949472122617
-242320,-242310,29.971071561602113,30.001056123743073,71651679417686696
-242310,-242300,30.001056123743073,30.03107068394283,98606477305459947
-242300,-242290,30.03107068394283,30.061115272212934,100056847899318108
-242290,-242250,30.061115272212934,30.18159450727964,100125230670270682
-242250,-242230,30.18159450727964,30.242015075745403,100347830706725996
-242230,-242210,30.242015075745403,30.302556600216086,100347830707909987
-242210,-242200,30.302556600216086,30.33287279660371,100442925146283970
-242200,-242190,30.33287279660371,30.363219322833647,183251915397819470
-242190,-242180,30.363219322833647,30.393596209249402,183603541213300651
-242180,-242170,30.393596209249402,30.42400348622481,183729142216670000
-242170,-242150,30.42400348622481,30.484909333501985,183779195101950942
-242150,-242100,30.484909333501985,30.637707918515755,186554126071701353
-242100,-242080,30.637707918515755,30.699041580939657,186623500535213763
-242080,-242010,30.699041580939657,30.914677937144425,186667698309001028
-242010,-242000,30.914677937144425,30.945606530397054,186748361748377567
-242000,-241980,30.945606530397054,31.007556575403232,186775770384893340
-241980,-241940,31.007556575403232,31.131828967284363,187493371214815350
-241940,-241930,31.131828967284363,31.162974809311148,187508711172866151
-241930,-241910,31.162974809311148,31.2253600041228,188294291446796918
-241910,-241890,31.2253600041228,31.28787008792709,190996141770099078
-241890,-241880,31.28787008792709,31.319172041311752,190999552271914754
-241880,-241860,31.319172041311752,31.381869927540283,191239304784821725
-241860,-241830,31.381869927540283,31.476152175953516,191271059724958591
-241830,-241820,31.476152175953516,31.507642496175745,198374153738595438
-241820,-241750,31.507642496175745,31.728958630836328,198408283155761342
-241750,-241740,31.728958630836328,31.760701871306683,198869498178443837
-241740,-241730,31.760701871306683,31.792476869305776,210122900633951875
-241730,-241670,31.792476869305776,31.98379554685279,210814359634088278
-241670,-241660,31.98379554685279,32.01579373894636,210868959394499615
-241660,-241650,32.01579373894636,32.04782394363505,214112532994548818
-241650,-241640,32.04782394363505,32.07988619294587,214240428193167733
-241640,-241630,32.07988619294587,32.11198051893786,221599420076746018
-241630,-241610,32.11198051893786,32.176265529361935,221620163945169534
-241610,-241600,32.176265529361935,32.20845627807261,221692863340823296
-241600,-241570,32.20845627807261,32.30522188454627,223765047350178221
-241570,-241560,32.30522188454627,32.33754164765797,225359521670335689
-241560,-241540,32.33754164765797,32.40227820916287,225408622484053238
-241540,-241530,32.40227820916287,32.43469507228618,232826571857524406
-241530,-241520,32.43469507228618,32.46714436686409,232827621620205853
-241520,-241470,32.46714436686409,32.62987844832133,232865130531491326
-241470,-241450,32.62987844832133,32.695200239200894,232880162047393750
-241450,-241430,32.695200239200894,32.76065279784812,240093857845837305
-241430,-241420,32.76065279784812,32.79342819687169,240103656793556288
-241420,-241380,32.79342819687169,32.924858022698075,244412275882327055
-241380,-241370,32.924858022698075,32.957797700858556,247968900571249036
-241370,-241360,32.957797700858556,32.990770333524004,251760604071821588
-241360,-241350,32.990770333524004,33.02377595366376,319223370241637875
-241350,-241340,33.02377595366376,33.05681459428015,338856129909501291
-241340,-241330,33.05681459428015,33.08988628840851,338857390538727424
-241330,-241320,33.08988628840851,33.12299106911722,338951761975185191
-241320,-241310,33.12299106911722,33.15612896950777,338966463038107809
-241310,-241300,33.15612896950777,33.18930002271474,339001133496816588
-241300,-241290,33.18930002271474,33.222504261905875,339003473604944169
-241290,-241260,33.222504261905875,33.322316427559585,339636735545737311
-241260,-241250,33.322316427559585,33.3556537430289,340436388392970089
-241250,-241240,33.3556537430289,33.389024410819495,353145045156391434
-241240,-241230,33.389024410819495,33.42242846429868,353180087618872168
-241230,-241190,33.42242846429868,33.55637920361715,353217113368298328
-241190,-241180,33.55637920361715,33.58995068721887,354415385227605343
-241180,-241170,33.58995068721887,33.62355575741539,354555687443436435
-241170,-241160,33.62355575741539,33.65719444780843,355774157931663387
-241160,-241140,33.65719444780843,33.724572823759004,360891784680735020
-241140,-241130,33.724572823759004,33.75831257668818,361159825422954980
-241130,-241110,33.75831257668818,33.82589338113629,362810851740068212
-241110,-241100,33.82589338113629,33.85973450022926,363091842998372026
-241100,-241080,33.85973450022926,33.92751834134177,377216477050324635
-241080,-241070,33.92751834134177,33.96146113113837,377694122373235637
-241070,-241060,33.96146113113837,33.995437879003106,388757685102859387
-241060,-241050,33.995437879003106,34.02944861890932,426947894535293149
-241050,-241020,34.02944861890932,34.13168513112039,430953959625742451
-241020,-241010,34.13168513112039,34.16583217960634,430976132756928199
-241010,-241000,34.16583217960634,34.20001339051104,431296706357395681
-241000,-240990,34.20001339051104,34.23422879801229,436651858780417155
-240990,-240970,34.23422879801229,34.302762339686645,437005946092720601
-240970,-240960,34.302762339686645,34.337080542386424,437122994382022554
-240960,-240940,34.337080542386424,34.40581998308514,437226443127359726
-240940,-240930,34.40581998308514,34.44024128981663,464307264365934744
-240930,-240920,34.44024128981663,34.474697033348576,471371530320100622
-240920,-240910,34.474697033348576,34.50918724813327,471489726451502736
-240910,-240900,34.50918724813327,34.5437119686575,477927088694972963
-240900,-240890,34.5437119686575,34.5782712294425,477935284767459820
-240890,-240880,34.5782712294425,34.61286506504412,477936389949947545
-240880,-240870,34.61286506504412,34.647493510052705,487217905749514595
-240870,-240850,34.647493510052705,34.71685436682541,487220139154691150
-240850,-240840,34.71685436682541,34.75158684794344,487891272834426369
-240840,-240830,34.75158684794344,34.786354077176384,488779142459275903
-240830,-240820,34.786354077176384,34.82115608928799,490153261680096412
-240820,-240810,34.82115608928799,34.85599291907678,496277384455688062
-240810,-240800,34.85599291907678,34.890864601376116,497084583275002868
-240800,-240790,34.890864601376116,34.925771171054194,497645478277679709
-240790,-240780,34.925771171054194,34.9607126630141,497646468948304943
-240780,-240770,34.9607126630141,34.99568911219383,497876170617176909
-240770,-240760,34.99568911219383,35.03070055356634,527159460098134225
-240760,-240750,35.03070055356634,35.06574702213957,529213015929379278
-240750,-240730,35.06574702213957,35.13594518109513,532901903301572670
-240730,-240710,35.13594518109513,35.20628386982516,533021664543181593
-240710,-240700,35.20628386982516,35.24150600074822,533327376104188033
-240700,-240690,35.24150600074822,35.276763369656386,533843233278403612
-240690,-240680,35.276763369656386,35.3120560118035,643463475321341693
-240680,-240670,35.3120560118035,35.347383962478695,643607064637597408
-240670,-240660,35.347383962478695,35.382747257006386,644621934182047741
-240660,-240650,35.382747257006386,35.41814593074633,656274602922956338
-240650,-240640,35.41814593074633,35.45358001909366,657108324524271855
-240640,-240630,35.45358001909366,35.48904955747893,657236248026999523
-240630,-240620,35.48904955747893,35.524554581368136,662110210918618352
-240620,-240610,35.524554581368136,35.56009512626276,662212705633505479
-240610,-240600,35.56009512626276,35.595671227699775,662836736359917188
-240600,-240590,35.595671227699775,35.63128292125175,662873978982827750
-240590,-240580,35.63128292125175,35.66693024252682,664050991913873785
-240580,-240570,35.66693024252682,35.70261322716873,664607487222843824
-240570,-240560,35.70261322716873,35.738331910856914,665506571171051080
-240560,-240530,35.738331910856914,35.845702513528906,665555434411421295
-240530,-240520,35.845702513528906,35.8815643509108,666334713906315015
-240520,-240510,35.8815643509108,35.9174620662722,667302926179341528
-240510,-240500,35.9174620662722,35.953395695507254,667651880178028760
-240500,-240490,35.953395695507254,35.98936527454598,668672514603639056
-240490,-240480,35.98936527454598,36.02537083935438,669524375828486807
-240480,-240460,36.02537083935438,36.097490070324056,670660439431704235
-240460,-240450,36.097490070324056,36.133603808597364,671016473043065509
-240450,-240440,36.133603808597364,36.16975367686446,671037918551586712
-240440,-240430,36.16975367686446,36.205939711271604,674826957043776048
-240430,-240420,36.205939711271604,36.24216194800122,674985626794970445
-240420,-240410,36.24216194800122,36.27842042327192,675163931894529463
-240410,-240400,36.27842042327192,36.31471517333854,675387370430890294
-240400,-240370,36.31471517333854,36.42381743540687,679084848283676265
-240370,-240360,36.42381743540687,36.46025764793174,679085034986223622
-240360,-240340,36.46025764793174,36.53324747929949,679606228630441594
-240340,-240310,36.53324747929949,36.643006289789064,679613287203826288
-240310,-240300,36.643006289789064,36.67966578982961,681168136525710173
-240300,-240290,36.67966578982961,36.71636196587137,681323620915601716
-240290,-240270,36.71636196587137,36.78986449276529,682701282603742458
-240270,-240240,36.78986449276529,36.90039427162184,682758920770696875
-240240,-240230,36.90039427162184,36.9373112754997,684083339985225283
-240230,-240220,36.9373112754997,36.974265212998525,684179894132908470
-240220,-240210,36.974265212998525,37.011256121068556,694240255374684129
-240210,-240200,37.011256121068556,37.048284036697005,695414052692856442
-240200,-240190,37.048284036697005,37.08534899690808,695520769613295450
-240190,-240180,37.08534899690808,37.12245103876305,695776472652664224
-240180,-240170,37.12245103876305,37.15959019936026,695850082093717410
-240170,-240160,37.15959019936026,37.19676651583514,695853550065759821
-240160,-240150,37.19676651583514,37.23398002536029,696146015772599489
-240150,-240140,37.23398002536029,37.27123076514552,696664291565376483
-240140,-240130,37.27123076514552,37.308518772437836,696680608705731683
-240130,-240120,37.308518772437836,37.345844084521524,696679373537885527
-240120,-240100,37.345844084521524,37.420606772386684,696808461369780060
-240100,-240090,37.420606772386684,37.45804422292337,696817706373695431
-240090,-240080,37.45804422292337,37.49551912776194,696840982330735231
-240080,-240070,37.49551912776194,37.533031524373555,697133586640405294
-240070,-240060,37.533031524373555,37.570581450266864,709091765232665996
-240060,-240050,37.570581450266864,37.60816894298804,722980661569617920
-240050,-240030,37.60816894298804,37.68345677928654,723923510073147897
-240030,-240020,37.68345677928654,37.72115719814418,723973026881276285
-240020,-240000,37.72115719814418,37.79667122575953,729365407807967382
-240000,-239990,37.79667122575953,37.83448491002374,758724303427653238
-239990,-239970,37.83448491002374,37.91022580851475,758857966087776624
-239970,-239960,37.91022580851475,37.9481530984749,758905347653132046
-239960,-239950,37.9481530984749,37.98611833279684,758905885037926682
-239950,-239940,37.98611833279684,38.024121549442015,771402051095276109
-239940,-239930,38.024121549442015,38.06216278640984,758516091269090581
-239930,-239910,38.06216278640984,38.13835947350126,758570511522284148
-239910,-239890,38.13835947350126,38.21470869882747,758600427556497117
-239890,-239880,38.21470869882747,38.25294060873177,768002085374165369
-239880,-239870,38.25294060873177,38.29121076775493,774215213251715192
-239870,-239860,38.29121076775493,38.32951921416328,774930538473940721
-239860,-239840,38.32951921416328,38.406251122392334,774930682289377671
-239840,-239820,38.406251122392334,38.48313664031598,775297761465194049
-239820,-239780,38.48313664031598,38.637369735908365,779436561712671076
-239780,-239760,38.637369735908365,38.714717930447996,779758655403804218
-239760,-239740,38.714717930447996,38.7922209684265,779849481948281836
-239740,-239720,38.7922209684265,38.86987915982511,782621178537076631
-239720,-239700,38.86987915982511,38.94769281524565,783290817312611596
-239700,-239690,38.94769281524565,38.9866580391972,784024019634527090
-239690,-239680,38.9866580391972,39.02566224591173,786745616729015982
-239680,-239660,39.02566224591173,39.103787763669985,788094734065541523
-239660,-239650,39.103787763669985,39.14290915283142,788333973771484334
-239650,-239640,39.14290915283142,39.18206968099133,808101343739771700
-239640,-239620,39.18206968099133,39.260508310972256,808262583629178471
-239620,-239610,39.260508310972256,39.29978649122405,808300615535566294
-239610,-239600,39.29978649122405,39.33910396733599,809276183610061978
-239600,-239590,39.33910396733599,39.37846077862162,809396973299142610
-239590,-239570,39.37846077862162,39.45729256416487,814090590239695405
-239570,-239560,39.45729256416487,39.496767617246384,814091131140746305
-239560,-239550,39.496767617246384,39.536282163149494,814800939731881012
-239550,-239540,39.536282163149494,39.5758362413848,814857747786725425
-239540,-239530,39.5758362413848,39.61542989150242,814862854724309511
-239530,-239510,39.61542989150242,39.694736065783,816257987174991352
-239510,-239500,39.694736065783,39.73444866924421,816452001598544172
-239500,-239490,39.73444866924421,39.77420100318432,816888460974506384
-239490,-239480,39.77420100318432,39.813993107351685,818963056141841295
-239480,-239470,39.813993107351685,39.853825021534455,875919487854593281
-239470,-239460,39.853825021534455,39.89369678556054,890759259497176508
-239460,-239450,39.89369678556054,39.93360843929773,890761402735338704
-239450,-239440,39.93360843929773,39.97356002265369,890765489461816154
-239440,-239430,39.97356002265369,40.01355157557602,891194633607811277
-239430,-239420,40.01355157557602,40.05358313805226,922657483845310042
-239420,-239410,40.05358313805226,40.09365475010999,923810759215470092
-239410,-239400,40.09365475010999,40.13376645181682,923859835780027445
-239400,-239390,40.13376645181682,40.17391828328043,923866649512128164
-239390,-239380,40.17391828328043,40.21411028464865,925799438070697157
-239380,-239360,40.21411028464865,40.29461495789105,925800456485811716
-239360,-239330,40.29461495789105,40.4156742480464,926077992502752462
-239330,-239320,40.4156742480464,40.456108114198585,926177423709447392
-239320,-239310,40.456108114198585,40.496582432417014,926179975517951542
-239310,-239300,40.496582432417014,40.53709724317196,928126451055819493
-239300,-239290,40.53709724317196,40.57765258697419,946725850797949754
-239290,-239250,40.57765258697419,40.74028010429056,946729794001390807
-239250,-239240,40.74028010429056,40.781038722410585,947258394625007420
-239240,-239200,40.781038722410585,40.94448137269187,948054605253403450
-239200,-239190,40.94448137269187,40.98544428399538,947947889251745771
-239190,-239180,40.98544428399538,41.02644817664841,952271402425730929
-239180,-239170,41.02644817664841,41.06749309165077,954326608635658839
-239170,-239160,41.06749309165077,41.10857907004326,960216866281341585
-239160,-239140,41.10857907004326,41.19087438136728,964047115704506934
-239140,-239130,41.19087438136728,41.23208379658589,964070842389357071
-239130,-239120,41.23208379658589,41.27333443976889,967772039440218816
-239120,-239110,41.27333443976889,41.31462635216282,967801387783402206
-239110,-239100,41.31462635216282,41.35595957505546,967815961735236148
-239100,-239090,41.35595957505546,41.3973341497759,967830922052562115
-239090,-239080,41.3973341497759,41.43875011769459,967927007681825323
-239080,-239070,41.43875011769459,41.48020752022335,973011943539113640
-239070,-239050,41.48020752022335,41.56324679496562,973366205360426106
-239050,-239040,41.56324679496562,41.604828750210096,1102227425083850829
-239040,-239020,41.604828750210096,41.688117504334805,1102239216308317683
-239020,-239000,41.688117504334805,41.77157299431138,1102884645414864266
-239000,-238990,41.77157299431138,41.813363369527,1102910810346893121
-238990,-238970,41.813363369527,41.89706958934395,1107232404545284848
-238970,-238960,41.89706958934395,41.93898551764313,1107231011173742733
-238960,-238950,41.93898551764313,41.98094338073781,1107241101327472709
-238950,-238940,41.98094338073781,42.02294322058166,1123163788937832276
-238940,-238930,42.02294322058166,42.06498507917033,1129398617172168353
-238930,-238920,42.06498507917033,42.10706899854146,1129574667500595404
-238920,-238910,42.10706899854146,42.149195020774776,1130529200584463204
-238910,-238890,42.149195020774776,42.23357354235736,1131553629428850436
-238890,-238880,42.23357354235736,42.27582612607672,1132920852400634751
-238880,-238870,42.27582612607672,42.31812098139854,1133369014308054351
-238870,-238860,42.31812098139854,42.36045815061344,1133037059517866233
-238860,-238850,42.36045815061344,42.40283767605437,1133037052988210948
-238850,-238840,42.40283767605437,42.445259600096605,1133178273054583479
-238840,-238830,42.445259600096605,42.487723965157834,1133179680023970956
-238830,-238820,42.487723965157834,42.530230813698196,1136833517732727634
-238820,-238810,42.530230813698196,42.57278018822027,1136838458284235928
-238810,-238800,42.57278018822027,42.615372131269204,1136740690226048305
-238800,-238790,42.615372131269204,42.65800668543267,1136686269972854738
-238790,-238780,42.65800668543267,42.70068389334095,1136803122630165427
-238780,-238770,42.70068389334095,42.74340379766702,1157784133907208414
-238770,-238760,42.74340379766702,42.786166441126504,1157720135157371100
-238760,-238750,42.786166441126504,42.82897186647776,1160024510017132199
-238750,-238740,42.82897186647776,42.871820116521945,1160918384222796083
-238740,-238730,42.871820116521945,42.91471123410304,1170477566365441025
-238730,-238720,42.91471123410304,42.95764526210786,1177724713386776828
-238720,-238710,42.95764526210786,43.00062224346615,1179768031556330706
-238710,-238680,43.00062224346615,43.12981133760372,1273836055965512433
-238680,-238660,43.12981133760372,43.21615295610935,1273996983852848141
-238660,-238650,43.21615295610935,43.259388561521135,1275819813468704113
-238650,-238640,43.259388561521135,43.30266742199954,1275828009213008347
-238640,-238630,43.30266742199954,43.3459895808191,1286974860452371065
-238630,-238620,43.3459895808191,43.38935508129765,1286858255262647651
-238620,-238610,43.38935508129765,43.432763966796365,1286835743300933821
-238610,-238600,43.432763966796365,43.47621628071979,1295758085819967523
-238600,-238590,43.47621628071979,43.519712066515886,1301559125673006597
-238590,-238580,43.519712066515886,43.56325136767611,1307371477237120988
-238580,-238570,43.56325136767611,43.6068342277354,1307458084135246213
-238570,-238560,43.6068342277354,43.65046069027227,1307816716394515758
-238560,-238550,43.65046069027227,43.694130798908816,1307827886341564324
-238550,-238540,43.694130798908816,43.7378445973108,1307848823325760051
-238540,-238530,43.7378445973108,43.78160212918763,1309102090007991307
-238530,-238520,43.78160212918763,43.82540343829248,1309331575242037159
-238520,-238510,43.82540343829248,43.869248568422286,1309336432800978796
-238510,-238500,43.869248568422286,43.91313756341779,1315013371570035907
-238500,-238490,43.91313756341779,43.957070467163604,1314875931926734860
-238490,-238480,43.957070467163604,44.001047323588246,1316538960361223205
-238480,-238470,44.001047323588246,44.045068176664174,1664693895683701404
-238470,-238460,44.045068176664174,44.08913307040785,1678437041838684165
-238460,-238450,44.08913307040785,44.13324204887975,1680075027092642618
-238450,-238440,44.13324204887975,44.17739515618447,1680074689567764813
-238440,-238430,44.17739515618447,44.22159243647068,1680079637106221005
-238430,-238420,44.22159243647068,44.26583393393127,1680079599333993804
-238420,-238410,44.26583393393127,44.31011969280329,1682125374859510490
-238410,-238390,44.31011969280329,44.39882417195132,1710436303372078047
-238390,-238380,44.39882417195132,44.44324298092293,1710827968837428162
-238380,-238370,44.44324298092293,44.48770622869731,1712806117621168105
-238370,-238300,44.48770622869731,44.80019698974507,1717412203112992604
-238300,-238290,44.80019698974507,44.845017352200415,1720044754795772937
-238290,-238280,44.845017352200415,44.88988255519276,1722456555299639610
-238280,-238270,44.88988255519276,44.93479264358283,1722722393680891752
-238270,-238260,44.93479264358283,44.97974766227622,1750049786487940899
-238260,-238250,44.97974766227622,45.024747656223454,1786012614992476071
-238250,-238240,45.024747656223454,45.069792670420036,1974612199100510467
-238240,-238230,45.069792670420036,45.11488274990647,1974601155705275880
-238230,-238220,45.11488274990647,45.16001793976834,1974631755484895954
-238220,-238210,45.16001793976834,45.205198285136326,1974631728543948642
-238210,-238190,45.205198285136326,45.29569462313917,1974647521220186217
-238190,-238170,45.29569462313917,45.38637212586426,1982111542253100359
-238170,-238160,45.38637212586426,45.4317789273049,1992470272448932979
-238160,-238150,45.4317789273049,45.477231155985486,1992761907689095895
-238150,-238130,45.477231155985486,45.56827207690272,2042842516418043935
-238130,-238120,45.56827207690272,45.61386086017121,2069963203671233202
-238120,-238100,45.61386086017121,45.70517530024908,2089969344032663387
-238100,-238090,45.70517530024908,45.750901048363794,2089550433284600257
-238090,-238080,45.750901048363794,45.79667254280869,2090931071604956683
-238080,-238070,45.79667254280869,45.842489829350704,2096550691979018975
-238070,-238060,45.842489829350704,45.88835295380253,2097356203018959935
-238060,-238050,45.88835295380253,45.934261962022724,2097356200761989286
-238050,-238040,45.934261962022724,45.9802168999157,2097277660834210770
-238040,-238030,45.9802168999157,46.02621781343181,2138311438477125959
-238030,-238020,46.02621781343181,46.07226474856737,2138413502932346901
-238020,-238000,46.07226474856737,46.16449686791222,2137959892827883010
-238000,-237990,46.16449686791222,46.21068214434443,2137866380663298960
-237990,-237980,46.21068214434443,46.256913626841985,2137156302011431016
-237980,-237970,46.256913626841985,46.303191361631754,2136621953985599187
-237970,-237960,46.303191361631754,46.34951539498685,2136612088606575493
-237960,-237950,46.34951539498685,46.395885773226674,2139245927770312737
-237950,-237930,46.395885773226674,46.488765749869884,2151747879124729775
-237930,-237910,46.488765749869884,46.58183166304426,2024591400520472559
-237910,-237890,46.58183166304426,46.67508388497637,2024212889808044912
-237890,-237870,46.67508388497637,46.76852278863791,2048504318479971933
-237870,-237860,46.76852278863791,46.815312362875,2050365001007632791
-237860,-237840,46.815312362875,46.909031990086376,2050386692328636688
-237840,-237830,46.909031990086376,46.95596213677092,2087524985488711290
-237830,-237820,46.95596213677092,47.00293923472635,2083871147779954612
-237820,-237810,47.00293923472635,47.04996333092507,2074069463642678922
-237810,-237790,47.04996333092507,47.14415270617699,2073949588479646428
-237790,-237780,47.14415270617699,47.19131807941017,2073868318510355924
-237780,-237770,47.19131807941017,47.23853063924666,2077335037570983731
-237770,-237760,47.23853063924666,47.28579043289431,2077320969620502326
-237760,-237740,47.28579043289431,47.380451910690624,2077226660547846994
-237740,-237730,47.380451910690624,47.42785368949132,2087791577681792472
-237730,-237720,47.42785368949132,47.4753028914073,2087186224855565285
-237720,-237710,47.4753028914073,47.52279956388304,2086497388020949897
-237710,-237700,47.52279956388304,47.57034375441046,2083302894851908611
-237700,-237690,47.57034375441046,47.617935510528994,2082482612156629608
-237690,-237670,47.617935510528994,47.713261909935035,2068892212282260457
-237670,-237660,47.713261909935035,47.76099664853942,1987273060476607740
-237660,-237640,47.76099664853942,47.8566094422008,1987025140513574073
-237640,-237630,47.8566094422008,47.904487592861045,1987273685875590463
-237630,-237620,47.904487592861045,47.95241364322286,2033915792657051679
-237620,-237610,47.95241364322286,48.00038764120752,2032756385052199134
-237610,-237600,48.00038764120752,48.04840963478421,2020919010841889238
-237600,-237590,48.04840963478421,48.096479671970144,2020955011032722955
-237590,-237580,48.096479671970144,48.144597800830546,2027376829438584412
-237580,-237560,48.144597800830546,48.2409785260762,2027374691771311448
-237560,-237550,48.2409785260762,48.28924121883254,2027356153220692731
-237550,-237530,48.28924121883254,48.385911505901646,2027353560681021946
-237530,-237500,48.385911505901646,48.53127991571385,2026602994182321945
-237500,-237490,48.53127991571385,48.579833040530296,2020927012548613924
-237490,-237460,48.579833040530296,48.72578405929293,2019771597879411778
-237460,-237450,48.72578405929293,48.774531775803155,2018940141488782687
-237450,-237440,48.774531775803155,48.823328261972215,2018693222629482733
-237440,-237430,48.823328261972215,48.87217356659173,1963973465396345078
-237430,-237420,48.87217356659173,48.92106773850211,1965105111898712701
-237420,-237400,48.92106773850211,49.01900287980153,1963186154179546657
-237400,-237390,49.01900287980153,49.06804394711593,1967722545921396410
-237390,-237370,49.06804394711593,49.166273320255,1961042666467476348
-237370,-237350,49.166273320255,49.26469933888819,1961495626533282687
-237350,-237340,49.26469933888819,49.31398621325458,1960951995925268255
-237340,-237320,49.31398621325458,49.41270793849672,1945004467703101180
-237320,-237300,49.41270793849672,49.51162729487323,1930090492681232229
-237300,-237290,49.51162729487323,49.56116120834282,1929554538321942075
-237290,-237280,49.56116120834282,49.61074467802207,1927366785287296365
-237280,-237270,49.61074467802207,49.66037775348953,1927510365116374110
-237270,-237260,49.66037775348953,49.71006048437329,1927121654251179776
-237260,-237250,49.71006048437329,49.759792920351124,1915299104560963781
-237250,-237230,49.759792920351124,49.859407106548645,1915191707375113772
-237230,-237220,49.859407106548645,49.90928895637256,1915288892103108025
-237220,-237200,49.90928895637256,50.00920241885509,1915099848903531883
-237200,-237190,50.00920241885509,50.059234131417185,1875583135451074070
-237190,-237180,50.059234131417185,50.10931589821211,1874708229768913719
-237180,-237170,50.10931589821211,50.15944776931665,1874637384721273302
-237170,-237160,50.15944776931665,50.20962979485764,1846052553390486118
-237160,-237140,50.20962979485764,50.31014451000726,1846021751271499268
-237140,-237130,50.31014451000726,50.36047730012057,1845963412404679050
-237130,-237120,50.36047730012057,50.41086044567979,1823653890680599539
-237120,-237110,50.41086044567979,50.461293997063024,1823653890679415548
-237110,-237100,50.461293997063024,50.51177800469879,1821156231135820340
-237100,-237080,50.51177800469879,50.6128975906943,1730324587821886681
-237080,-237070,50.6128975906943,50.66353327016351,1729869751844084326
-237070,-237060,50.66353327016351,50.71421960810433,1718494744814870569
-237060,-237050,50.71421960810433,50.76495665519803,1717851510621500626
-237050,-237020,50.76495665519803,50.917472558969976,1717667989348350595
-237020,-237010,50.917472558969976,50.96841295050275,1717398221292932772
-237010,-237000,50.96841295050275,51.01940430535636,1718480362407098579
-237000,-236990,51.01940430535636,51.07044667451705,1539031170039068669
-236990,-236980,51.07044667451705,51.121540109022085,1534872384363658466
-236980,-236970,51.121540109022085,51.17268465995981,1530261068087556921
-236970,-236960,51.17268465995981,51.22388037846966,1530085360439706604
-236960,-236940,51.22388037846966,51.32642552301936,1529238056788685837
-236940,-236930,51.32642552301936,51.3777750515941,1529240448557328053
-236930,-236920,51.3777750515941,51.42917595281088,1518765278426426798
-236920,-236910,51.42917595281088,51.48062827806544,1518094144746691579
-236910,-236900,51.48062827806544,51.532132078804985,1517511490802677358
-236900,-236880,51.532132078804985,51.63529431278514,1517048540378013978
-236880,-236870,51.63529431278514,51.68695284917768,1517040996762785393
-236870,-236850,51.68695284917768,51.79042501903461,1517035190478420292
-236850,-236840,51.79042501903461,51.842238755960835,1515429030010815325
-236840,-236810,51.842238755960835,51.997991196588934,1508795713811995412
-236810,-236800,51.997991196588934,52.050012593122396,1476224054210095033
-236800,-236780,52.050012593122396,52.154211572694805,1474539940485072344
-236780,-236770,52.154211572694805,52.2063892599223,1474552482862836480
-236770,-236760,52.2063892599223,52.25861914832325,1474187807012103006
-236760,-236750,52.25861914832325,52.31090129012231,1472650488513914056
-236750,-236730,52.31090129012231,52.41562254307478,1472353169358629277
-236730,-236720,52.41562254307478,52.468061758938966,1468656064651113465
-236720,-236710,52.468061758938966,52.52055343762296,1462917043325359177
-236710,-236700,52.52055343762296,52.573097631613194,1460425154299203449
-236700,-236670,52.573097631613194,52.73104583107364,1460416341346289858
-236670,-236660,52.73104583107364,52.78380061220417,1460390597160990250
-236660,-236640,52.78380061220417,52.88946856284884,1456888709002726316
-236640,-236630,52.88946856284884,52.94238183802039,1440897813749903382
-236630,-236620,52.94238183802039,52.99534805028442,1440649202165849480
-236620,-236600,52.99534805028442,53.10143949798666,1403693326842785971
-236600,-236590,53.10143949798666,53.154564839505696,1403630149537420901
-236590,-236570,53.154564839505696,53.260975023479865,1402651374963936497
-236570,-236560,53.260975023479865,53.314259972334526,1402609123326654857
-236560,-236550,53.314259972334526,53.367598230122674,1399998228640500446
-236550,-236540,53.367598230122674,53.420989850177236,1398011769522999425
-236540,-236530,53.420989850177236,53.47443488588448,1397883874324380510
-236530,-236520,53.47443488588448,53.52793339068411,1396250566969193625
-236520,-236500,53.52793339068411,53.63509102158669,1396192695914852737
-236500,-236490,53.63509102158669,53.68875025483657,1395689520660451882
-236490,-236460,53.68875025483657,53.85005026978821,1395634965278646474
-236460,-236450,53.85005026978821,53.903924559043745,1395928626077055933
-236450,-236440,53.903924559043745,53.95785274683844,1393589608933176977
-236440,-236430,53.95785274683844,54.011834887095084,1393317624478965725
-236430,-236420,54.011834887095084,54.06587103379043,1364890697547620276
-236420,-236410,54.06587103379043,54.11996124095522,1359619853703865224
-236410,-236400,54.11996124095522,54.174105562674264,1359582344792579751
-236400,-236370,54.174105562674264,54.33686375681687,1358266565853654201
-236370,-236360,54.33686375681687,54.39122507868394,1357603232841963921
-236360,-236340,54.39122507868394,54.500110934201295,1355644164400189780
-236340,-236320,54.500110934201295,54.609214768437006,1344051032834811404
-236320,-236310,54.609214768437006,54.663848563906335,1344041233887092421
-236310,-236300,54.663848563906335,54.7185370177629,1327048082387711836
-236300,-236280,54.7185370177629,54.8280781194244,1317215527481505655
-236280,-236270,54.8280781194244,54.882930876759495,1314295087943751209
-236270,-236260,54.882930876759495,54.93783851154224,1310738463254829228
-236260,-236250,54.93783851154224,54.99280107867481,1310732178825915858
-236250,-236240,54.99280107867481,55.047818633114254,1255442567076812895
-236240,-236230,55.047818633114254,55.10289122987264,1236965858653160192
-236230,-236220,55.10289122987264,55.158018924017064,1236552671145842414
-236220,-236210,55.158018924017064,55.21320177066971,1236467768913906085
-236210,-236200,55.21320177066971,55.26843982500791,1234965063205380150
-236200,-236190,55.26843982500791,55.32373314226421,1233422866913166380
-236190,-236180,55.32373314226421,55.37908177772639,1231274383351430730
-236180,-236160,55.37908177772639,55.4899452246962,1231133003361199074
-236160,-236150,55.4899452246962,55.545460147056204,1231125462542311713
-236150,-236140,55.545460147056204,55.60103060932694,1231112426051082903
-236140,-236130,55.60103060932694,55.65665666707333,1218403769287661558
-236130,-236120,55.65665666707333,55.71233837591586,1218397206762100113
-236120,-236110,55.71233837591586,55.76807579153069,1217806470679829632
-236110,-236080,55.76807579153069,55.935622836606264,1217716955493440669
-236080,-236070,55.935622836606264,55.99158363718659,1215590017805833176
-236070,-236060,55.99158363718659,56.04760042375657,1213808973850631187
-236060,-236050,56.04760042375657,56.1036732523274,1195208292749818471
-236050,-236040,56.1036732523274,56.1598021789663,1192634430056098927
-236040,-236030,56.1598021789663,56.2159872597966,1191427017294846361
-236030,-236020,56.2159872597966,56.27222855099775,1191425340190223544
-236020,-236000,56.27222855099775,56.384879989511596,1189776600495299532
-236000,-235990,56.384879989511596,56.441290249464465,1189776280526383941
-235990,-235980,56.441290249464465,56.49775694506868,1177391035582368783
-235980,-235970,56.49775694506868,56.55428013278529,1125083548918645248
-235970,-235950,56.55428013278529,56.66749621068239,1112955051733261026
-235950,-235940,56.66749621068239,56.72418921406764,1101351714725236245
-235940,-235920,56.72418921406764,56.83774543314834,1101160974667150319
-235920,-235910,56.83774543314834,56.89460876238865,1225415456881415724
-235910,-235900,56.89460876238865,56.951528980553526,1216332315486085269
-235900,-235890,56.951528980553526,57.008506144557494,1159055310172865801
-235890,-235870,57.008506144557494,57.1226315380256,1155460698721818610
-235870,-235860,57.1226315380256,57.17977988160372,1155372114298927431
-235860,-235850,57.17977988160372,57.23698539924904,1154982908584005126
-235850,-235840,57.23698539924904,57.29424814816135,1143609637729797756
-235840,-235830,57.29424814816135,57.351568185597685,1143575376625160339
-235830,-235820,57.351568185597685,57.408945568872355,1143553227393850724
-235820,-235810,57.408945568872355,57.466380355357,1143430371733044722
-235810,-235800,57.466380355357,57.523872602480694,1142309803164642662
-235800,-235790,57.523872602480694,57.581422367729914,1141606392852008807
-235790,-235770,57.581422367729914,57.69669468283858,1131485940050203777
-235770,-235760,57.69669468283858,57.75441734795884,1131484165542333162
-235760,-235740,57.75441734795884,57.87003598191573,1131135495356791588
-235740,-235730,57.87003598191573,57.92793206635945,1129576881516643710
-235730,-235720,57.92793206635945,57.98588607294781,1129536315542814943
-235720,-235710,57.98588607294781,58.043898059629,1084527860822604453
-235710,-235700,58.043898059629,58.101968084409236,1079363313122819229
-235700,-235680,58.101968084409236,58.21828248058181,1053331876108735423
-235680,-235670,58.21828248058181,58.27652696827692,1037004865723578754
-235670,-235660,58.27652696827692,58.33482972667673,1036189091786828436
-235660,-235650,58.33482972667673,58.39319081407819,911934609572563031
-235650,-235640,58.39319081407819,58.45161028883653,911917806659734040
-235640,-235630,58.45161028883653,58.510088209365406,888174083458617570
-235630,-235620,58.510088209365406,58.5686246341369,888065542374809178
-235620,-235600,58.5686246341369,58.685873230588584,888054322217008647
-235600,-235590,58.685873230588584,58.74458551950566,888053233696425704
-235590,-235580,58.74458551950566,58.80335654713923,887376727540388106
-235580,-235570,58.80335654713923,58.86218637225445,777756485497450025
-235570,-235560,58.86218637225445,58.92107505367525,769929598316456328
-235560,-235550,58.92107505367525,58.98002265028447,769296887796059361
-235550,-235540,58.98002265028447,59.03902922102378,756453096657750244
-235540,-235530,59.03902922102378,59.09809482489386,756257735969022263
-235530,-235520,59.09809482489386,59.15721952095444,756236209843457918
-235520,-235510,59.15721952095444,59.216403368324286,750716884742485990
-235510,-235490,59.216403368324286,59.33494875376272,749312695173652757
-235490,-235480,59.33494875376272,59.39431041036485,749275452550742195
-235480,-235470,59.39431041036485,59.453731455343465,749161370655149200
-235470,-235460,59.453731455343465,59.51321194811365,749129102409866584
-235460,-235450,59.51321194811365,59.57275194814996,747703546924578100
-235450,-235420,59.57275194814996,59.75172958749409,747654683684207885
-235420,-235410,59.75172958749409,59.81150821253136,747654356381159452
-235410,-235400,59.81150821253136,59.871346643101205,732820548197239298
-235400,-235390,59.871346643101205,59.93124493903611,732462109172289743
-235390,-235380,59.93124493903611,59.991203160228366,732059474561457076
-235380,-235370,59.991203160228366,60.051221366630216,280338544553559566
-235370,-235360,60.051221366630216,60.111299618253874,255370307766513171
-235360,-235340,60.111299618253874,60.231636497515645,239058051604566664
-235340,-235330,60.231636497515645,60.29189524547865,238123741091296864
-235330,-235310,60.29189524547865,60.41259365933254,235275962848020622
-235310,-235290,60.41259365933254,60.533533699478774,232503405078612450
-235290,-235280,60.533533699478774,60.59409448053371,232457703380365872
-235280,-235260,60.59409448053371,60.715397867380915,231184234892704995
-235260,-235250,60.715397867380915,60.77614059446445,231184048190157638
-235250,-235240,60.77614059446445,60.83694409161659,230662854545939666
-235240,-235230,60.83694409161659,60.89780841963476,229409376494259667
-235230,-235220,60.89780841963476,60.95873363937718,201909172620830072
-235220,-235210,60.95873363937718,61.019719811763025,201662328531056511
-235210,-235190,61.019719811763025,61.141875258446234,196909964517980912
-235190,-235170,61.141875258446234,61.264275248257476,196754480128089369
-235170,-235130,61.264275248257476,61.50981081644874,195400690161035787
-235130,-235120,61.50981081644874,61.571348314062526,193293767703620903
-235120,-235110,61.571348314062526,61.63294737687318,193146976091981451
-235110,-235080,61.63294737687318,61.818114572723616,193067539613812534
-235080,-235060,61.818114572723616,61.94186832678936,192813340498903073
-235060,-235050,61.94186832678936,62.00383807639121,171470534507261286
-235050,-235040,62.00383807639121,62.06586982363649,140008802718589996
-235040,-235030,62.06586982363649,62.12796363055075,139776831297655969
-235030,-235020,62.12796363055075,62.190119559221586,138788076551052904
-235020,-235010,62.190119559221586,62.252337671798735,138769976689249061
-235010,-234990,62.252337671798735,62.37696069758173,138333294420670762
-234990,-234980,62.37696069758173,62.43936573539816,138030823831168260
-234980,-234970,62.43936573539816,62.50183320634216,138030191271188225
-234970,-234960,62.50183320634216,62.56436317287498,137737586961518162
-234960,-234950,62.56436317287498,62.62695569752031,137737060806258349
-234950,-234930,62.62695569752031,62.752328671556235,137611459802889000
-234930,-234910,62.752328671556235,62.87795262989189,137609373641371066
-234910,-234900,62.87795262989189,62.94085888514712,132129555078490063
-234900,-234890,62.94085888514712,63.00382807497299,131972765198575714
-234890,-234860,63.00382807497299,63.193113881818306,130467428400349248
-234860,-234830,63.193113881818306,63.382968370246445,130443411835637438
-234830,-234810,63.382968370246445,63.509854806914134,130441020066995222
-234810,-234790,63.509854806914134,63.6369952576841,130333052067735134
-234790,-234760,63.6369952576841,63.82818332292718,129270121032282094
-234760,-234750,63.82818332292718,63.89204023659332,128568713138046692
-234750,-234710,63.89204023659332,64.1481073872912,128568569322609742
-234710,-234690,64.1481073872912,64.27652555662974,128561832190706387
-234690,-234680,64.27652555662974,64.3408310143374,128544300109557622
-234680,-234670,64.3408310143374,64.40520080644792,128141153850922346
-234670,-234650,64.40520080644792,64.53413365139549,128141153850922336
-234650,-234640,64.53413365139549,64.59869683315247,127702945658253728
-234640,-234630,64.59869683315247,64.66332460715239,127626110426190422
-234630,-234610,64.66332460715239,64.79277419043096,127110336420626853
-234610,-234590,64.79277419043096,64.92248291897793,126323453464450696
-234590,-234580,64.92248291897793,64.98743462480628,125697385222806107
-234580,-234570,64.98743462480628,65.05245131157652,120282617461744579
-234570,-234560,65.05245131157652,65.11753304429884,119034462472372280
-234560,-234550,65.11753304429884,65.18267988804847,116400623308635036
-234550,-234540,65.18267988804847,65.24789190796575,116389347840322123
-234540,-234530,65.24789190796575,65.31316916925618,116388897854598267
-234530,-234500,65.31316916925618,65.50939305440036,115761769903107245
-234500,-234490,65.50939305440036,65.57493193454414,115761701346412551
-234490,-234480,65.57493193454414,65.64053638306842,115725194491082943
-234480,-234460,65.64053638306842,65.7719422477157,114923369547881579
-234460,-234450,65.7719422477157,65.83774379523143,114922804255211079
-234450,-234440,65.83774379523143,65.90361117391328,112439964115555987
-234440,-234430,65.90361117391328,65.96954444962202,112383156060711574
-234430,-234410,65.96954444962202,66.10160895589296,112134258212250456
-234410,-234400,66.10160895589296,66.16774031850646,112085091150167871
-234400,-234390,66.16774031850646,66.23393784224962,112064822138337244
-234390,-234380,66.23393784224962,66.30020159331335,110379524727507513
-234380,-234370,66.30020159331335,66.3665316379548,110374092486335249
-234370,-234350,66.3665316379548,66.49939087333081,110152072964847889
-234350,-234340,66.49939087333081,66.56592019691135,110150640670675293
-234340,-234330,66.56592019691135,66.63251607976166,110146553944197843
-234330,-234320,66.63251607976166,66.69917858847094,110118185842273505
-234320,-234310,66.69917858847094,66.76590778969508,110112149562620768
-234310,-234300,66.76590778969508,66.83270375015658,110106689771518342
-234300,-234270,66.83270375015658,67.03349285519238,110101072218597908
-234270,-234250,67.03349285519238,67.16768728098982,109850122081076497
-234250,-234230,67.16768728098982,67.30215035076134,109666824170740384
-234230,-234210,67.30215035076134,67.43688260230559,109659611477782822
-234210,-234200,67.43688260230559,67.5043498395989,109657059669278672
-234200,-234190,67.5043498395989,67.57188457449787,109601724010568835
-234190,-234180,67.57188457449787,67.63948687453046,109600491616444082
-234180,-234170,67.63948687453046,67.70715680729224,100700791007845384
-234170,-234140,67.70715680729224,67.91057307892291,100460390783769771
-234140,-234130,67.91057307892291,67.9785142199104,100450901430194048
-234130,-234080,67.9785142199104,68.31924086175496,89542229601990122
-234080,-234070,68.31924086175496,68.38759085447485,86568408921244158
-234070,-234060,68.38759085447485,68.45600922795315,86234085836014022
-234060,-234050,68.45600922795315,68.5244960506014,86230501108636581
-234050,-234030,68.5244960506014,68.66167531739622,86159273220786538
-234030,-234010,68.66167531739622,68.7991292035217,86159008677782452
-234010,-233990,68.7991292035217,68.93685825873855,86129660334599062
-233990,-233980,68.93685825873855,69.00582614685739,86114700017273095
-233980,-233970,69.00582614685739,69.07486303390814,86090612168055184
-233970,-233940,69.07486303390814,69.28238837929739,81052154911239551
-233940,-233900,69.28238837929739,69.56005902058752,81048738910427960
-233900,-233840,69.56005902058752,69.97865297149669,80957155030818262
-233840,-233830,69.97865297149669,70.04866312326091,79749533936191828
-233830,-233820,70.04866312326091,70.11874331668989,77020114875466878
-233820,-233790,70.11874331668989,70.32940484804773,76999081850882151
-233790,-233780,70.32940484804773,70.39976590956896,76825059009257305
-233780,-233770,70.39976590956896,70.47019736382262,76823576196039181
-233770,-233760,70.47019736382262,70.54069928123316,76461556916637319
-233760,-233730,70.54069928123316,70.75262851770735,70581543835865586
-233730,-233700,70.75262851770735,70.96519446464417,70580136866478109
-233700,-233680,70.96519446464417,71.10725976837765,70384828698945197
-233680,-233670,71.10725976837765,71.17839903494728,70313337236255223
-233670,-233640,71.17839903494728,71.39224414726736,70259931571266519
-233640,-233620,71.39224414726736,71.53516436224753,70259832659469370
-233620,-233560,71.53516436224753,71.9656439722557,68408186802709577
-233560,-233530,71.9656439722557,72.18185424710157,68398087303685769
-233530,-233520,72.18185424710157,72.25406859184642,68391318515495493
-233520,-233500,72.25406859184642,72.39871409416507,68386494812153160
-233500,-233490,72.39871409416507,72.47114539636993,61346975070418973
-233490,-233470,72.47114539636993,72.61622546499115,58036178323580847
-233470,-233460,72.61622546499115,72.68887437647307,58034473657391951
-233460,-233450,72.68887437647307,72.7615959695672,58023296598793210
-233450,-233440,72.7615959695672,72.83439031698785,58011021469256919
-233440,-233420,72.83439031698785,72.98019756602991,56607099310573048
-233420,-233410,72.98019756602991,73.05321061344401,56446103446802132
-233410,-233400,73.05321061344401,73.12629670677013,56438520355133867
-233400,-233390,73.12629670677013,73.1994559190871,56432852139406211
-233390,-233360,73.1994559190871,73.4193730018681,56430806539749378
-233360,-233350,73.4193730018681,73.49282542239966,56424945502845807
-233350,-233340,73.49282542239966,73.56635132841419,55292004050621308
-233340,-233280,73.56635132841419,74.00905408183505,55287056512165116
-233280,-233250,74.00905408183505,74.23140348414546,55283114307533593
-233250,-233190,74.23140348414546,74.67810834471443,55003097721256933
-233190,-233150,74.67810834471443,74.97740400584102,54217517447326166
-233150,-233040,74.97740400584102,75.80666657027645,45691279110365457
-233040,-233020,75.80666657027645,75.9584240225398,44226121838829816
-233020,-232960,75.9584240225398,76.4155216337856,44216197409947937
-232960,-232650,76.4155216337856,78.82138067208611,39088860561166391
-232650,-232500,78.82138067208611,80.01255328584625,38955197901043005
-232500,-232380,80.01255328584625,80.97843935818604,33140127804587461
-232380,-232290,80.97843935818604,81.71049803298014,33047053835726907
-232290,-232250,81.71049803298014,82.0379781750437,33010082232030312
-232250,-232220,82.0379781750437,82.28444930807301,32986994617293046
-232220,-232210,82.28444930807301,82.36677079525911,32954720862362162
-232210,-232160,82.36677079525911,82.77961525846497,32953171391097135
-232160,-231960,82.77961525846497,84.45178996738257,32661971362685540
-231960,-231940,84.45178996738257,84.62085410203422,32621007516316469
-231940,-231850,84.62085410203422,85.38584081707664,32621006597535140
-231850,-231780,85.38584081707664,85.9856084527121,32530525253000555
-231780,-231550,85.9856084527121,87.98609483494633,32516658075246655
-231550,-231330,87.98609483494633,89.94313963393753,27796502018879141
-231330,-231320,89.94313963393753,90.03312325877936,27778815272891204
-231320,-231250,90.03312325877936,90.66553435819661,25327766581550985
-231250,-230400,90.66553435819661,98.70869513221749,25315975357084131
-230400,-230270,98.70869513221749,100.00022031945092,25314463681892327
-230270,-230210,100.00022031945092,100.6019950721566,7523943204103687
-230210,-229320,100.6019950721566,109.96560548579771,7517345471375785
-229320,-227500,109.96560548579771,131.91510082649793,7018989230262920
-227500,-226830,131.91510082649793,141.0557483106715,7016179574840752
-226830,-226350,141.0557483106715,147.99119673676853,7014014193155910
-226350,-225720,147.99119673676853,157.61410004251724,6414753669188261
-225720,-223340,157.61410004251724,199.96407821470046,6412226472479055
-223340,-223330,199.96407821470046,200.16413230075023,5856244468654766
-223330,-221160,200.16413230075023,248.6700313187371,5331788229289254
-221160,-218200,248.6700313187371,334.3244882973278,4149910023248863
-218200,138160,334.3244882973278,9.997987083459681e+17,4148632393593846
138160,887270,9.997987083459681e+17,3.401887456820396e+50,4147515132603498
