tick_space,amount_WHYPE,amount_USD₮0
-887270→-667780,-7.65069419478726e+16,1.311920143972087e-05
-667780→-414490,-20937973.064542476,6.620871693009625e-05
-414490→-317650,-1108.6617647235005,0.140402819387751
-317650→-317420,-3.051021387361649,0.049518204999985514
-317420→-316830,-0.6082311861280901,0.010284744546009618
-316830→-312540,-21.088949543421883,0.45513719455681184
-312540→-312310,-2.3631351476271862,0.06393248505927011
-312310→-311720,-0.471098793268443,0.013278536187375253
-311720→-278550,-68.49915027666006,10.441810981080321
-278550→-273440,-1.4514553980497387,1.500004000002068
-273440→-269390,-0.914009129505512,1.4932625863236586
-269390→-262460,-33.53472062262782,94.8628335527242
-262460→-260220,-0.06359946005592657,0.28455675085777027
-260220→-258200,-22.520897468188206,124.68128161273164
-258200→-253290,-0.11237745624307269,0.8797722839965666
-253290→-253240,-0.9328155336519355,9.358074426919401
-253240→-252340,-0.035063651865094844,0.3688721164865983
-252340→-247660,-32.12383021809174,446.69192970210105
-247660→-247510,-0.04588712951109458,0.8123600338608785
-247510→-247390,-0.08196556040499449,1.4707936726431863
-247390→-247250,-2.2775343501134424,41.402905764337206
-247250→-247040,-0.32081925432992237,5.935073270608609
-247040→-247020,-0.011029865383869629,0.20640965533563127
-247020→-246940,-0.0015467963650753812,0.029091378662682472
-246940→-246870,-0.0006726978683457221,0.01274700798058873
-246870→-246860,-0.002485515820106474,0.0472870072754024
-246860→-246320,-0.10540643289149847,2.061270153430223
-246320→-246190,-0.003015312785386043,0.060974508094013315
-246190→-246010,-3.451848942192398e-05,0.0007089228034090831
-246010→-246000,-0.00038519633097169865,0.007986470598462664
-246000→-245630,-0.05449080389578581,1.1514554853822419
-245630→-245570,-3.380587835639188e-05,0.0007298826277474061
-245570→-245530,-0.006868949120434295,0.14904673465419632
-245530→-245450,-0.00038522849249571055,0.008409229480708033
-245450→-245410,-1.0409437759525879e-05,0.00022859709777757974
-245410→-245320,-0.0014761738723759847,0.03262899721383525
-245320→-245300,-0.005901785788271533,0.1311710983478326
-245300→-245230,-0.00047376128830560444,0.010577146297052281
-245230→-245070,-0.06685842669451668,1.5099383989726212
-245070→-244970,-0.0007625429465730354,0.01744668545879477
-244970→-244760,-0.023129177821637086,0.5374524489152449
-244760→-244670,-0.0020062204555985237,0.047323035763476705
-244670→-244660,-0.00726793476274298,0.17229644899989813
-244660→-244630,-0.01643576742380424,0.39041261221536266
-244630→-244580,-5.063269327319311e-05,0.0012075412412329426
-244580→-244540,-0.14994631073828782,3.5922036959128203
-244540→-244130,-15.64496570354483,383.3283353717873
-244130→-244120,-0.2781909127179321,6.960797109187266
-244120→-244090,-0.10014801879360491,2.5108857017238346
-244090→-244020,-0.00022444209515638962,0.005655360047864142
-244020→-244000,-0.2912107901488304,7.37085105666502
-244000→-243880,-0.011793987708305085,0.30061507326868925
-243880→-243840,-0.02525036803716928,0.6487718188123829
-243840→-243740,-0.08707109701808952,2.252880675873753
-243740→-243670,-0.20813307730867264,5.431210029198201
-243670→-243640,-0.005916457051052725,0.1551631444705781
-243640→-243630,-0.0004111278039440625,0.010803693381138716
-243630→-243610,-0.0005312589995268504,0.013981478873162836
-243610→-243590,-0.027161195992599405,0.7162493578842226
-243590→-243570,-2.467230572982721e-06,6.519190017870018e-05
-243570→-243560,-0.0032280107600918154,0.0854221080292806
-243560→-243530,-0.0010185674835929911,0.02700807707162724
-243530→-243510,-0.00018181768748839333,0.0048330987432826855
-243510→-243490,-0.01694133657009577,0.4512380923360272
-243490→-243480,-2.2855485721984497e-10,6.096771920063047e-09
-243480→-243410,-0.014224106311067668,0.3809531541557237
-243410→-243380,-0.09410584525451972,2.532996256082892
-243380→-243370,-0.0019305466728056888,0.05206750880194537
-243370→-243360,-0.04963035278423213,1.3398868615157715
-243360→-243350,-1.3168464041488916,35.586900271102145
-243350→-243320,-0.007761749525013532,0.21017604159681275
-243320→-243270,-0.05298441524342271,1.4404852689661196
-243270→-243260,-0.0035398498193913463,0.09652689384328253
-243260→-243240,-0.07737653818709127,2.113120185965143
-243240→-243200,-0.008822233745178527,0.2416552761512471
-243200→-243190,-0.003079258083847916,0.08455698586277469
-243190→-243180,-0.002043858162306657,0.056180866072791616
-243180→-243160,-0.22256989862296822,6.127107686284163
-243160→-243140,-0.014953830938695347,0.4124868398935556
-243140→-243100,-0.11071833410445134,3.063232716585791
-243100→-243070,-0.008512996265488603,0.23635394019724912
-243070→-243060,-4.2257876385348744e-05,0.0011755919884558683
-243060→-243040,-0.005946793186670904,0.16568500060871988
-243040→-243000,-0.004625801201707142,0.1292677356486506
-243000→-242980,-0.9719384922798783,27.2423631067873
-242980→-242950,-0.007999106070966018,0.22476730212420531
-242950→-242930,-0.09352917791369936,2.6346593819786968
-242930→-242920,-0.0002644764287851389,0.007461321267830988
-242920→-242900,-0.0023124711708097604,0.06533659603437626
-242900→-242890,-0.009152474531571387,0.2589823190896505
-242890→-242870,-0.055848266414813386,1.5826784622112637
-242870→-242850,-0.0006535023787719291,0.018556613141542853
-242850→-242840,-0.0011267744023783755,0.0320434982366744
-242840→-242810,-0.0643166511318508,1.8327149355596284
-242810→-242800,-0.07679831826194565,2.1927632869074545
-242800→-242760,-0.008987438352856168,0.25725371062925195
-242760→-242750,-0.0004214853077411668,0.012094665054538465
-242750→-242730,-0.009532394305545672,0.2739459050061522
-242730→-242720,-0.022967554463249718,0.6610418853647717
-242720→-242710,-0.028074090483673438,0.8088243019537477
-242710→-242690,-0.13988032950660054,4.036050133057334
-242690→-242680,-0.0001988212253791253,0.005745317855418269
-242680→-242650,-0.03569212354167265,1.0334566107420704
-242650→-242640,-0.005383251674998339,0.156182758784104
-242640→-242630,-0.07573747789770958,2.199548371305769
-242630→-242620,-2.735063482687131e-05,0.0007951047761591944
-242620→-242610,-0.8883978935066558,25.85227363429483
-242610→-242570,-0.08637634342801176,2.5198327782756893
-242570→-242560,-0.007400248786471187,0.21642573853400804
-242560→-242550,-0.03254151155143259,0.9526526559763904
-242550→-242540,-0.052669674303599735,1.543447160579496
-242540→-242510,-0.3229125681485114,9.481665446495644
-242510→-242500,-1.0790455984366436,31.74738962392436
-242500→-242460,-0.02201594107051903,0.649368414291909
-242460→-242430,-0.032843641778915585,0.9721318400420813
-242430→-242410,-0.04345410890804392,1.2894080921030708
-242410→-242400,-0.0003278223380000929,0.009742030735744976
-242400→-242370,-0.251368011092573,7.484960391581777
-242370→-242360,-0.07898763150582207,2.356715372208177
-242360→-242350,-0.022612950670727584,0.6753665569670387
-242350→-242340,-0.00014196871897550039,0.004244331065499941
-242340→-242320,-0.24805079552298598,7.426917882644621
-242320→-242310,-0.01887521824230095,0.5659934285158436
-242310→-242300,-2.547989428532293,76.48060268004386
-242300→-242290,-0.13229191545517077,3.9748546952064574
-242290→-242250,-0.024918289774787293,0.7505711485592335
-242250→-242230,-0.04049629663264976,1.223465596973089
-242230→-242210,-2.1518114111224115e-10,6.514021754006366e-09
-242210→-242200,-0.00863485818172314,0.2617891340943946
-242200→-242190,-7.515544384111487,228.0820586254365
-242190→-242180,-0.03189676001869379,0.9689726611540284
-242180→-242170,-0.01138785138788992,0.34629085026814277
-242170→-242150,-0.009069474082957068,0.2762057650307225
-242150→-242100,-1.2548311671376355,38.34916274321318
-242100→-242080,-0.012526584425489592,0.38416979342932583
-242080→-242010,-0.027869203774771815,0.8585573941419944
-242010→-242000,-0.007251604326238594,0.22429312519973113
-242000→-241980,-0.004924352117097632,0.15253951868832075
-241980→-241940,-0.24310338315750146,7.55313232161877
-241940→-241930,-0.0013742368214736042,0.042803901218190755
-241930→-241910,-0.14064758623150775,4.387382156784029
-241910→-241890,-0.48324651104914274,15.104642616630615
-241890→-241880,-0.0003047684540536814,0.00954032452888017
-241880→-241860,-0.042817292277252304,1.342343748929459
-241860→-241830,-0.0084960247859968,0.2670213565259632
-241830→-241820,-0.6328437153312215,19.929446822050004
-241820→-241750,-0.021242591231738737,0.6716505208605363
-241750→-241740,-0.04092750425283198,1.2992365127176662
-241740→-241730,-0.9981102879316308,31.716536801715247
-241730→-241670,-0.36732674164444185,11.713312465752932
-241670→-241660,-0.004825757158004338,0.1544232187516413
-241660→-241650,-0.2865374206439335,9.17831073676882
-241650→-241640,-0.011292619486123106,0.3620848692884027
-241640→-241630,-0.6494438990245314,20.84450549620664
-241630→-241610,-0.003658620564384574,0.11760309072460035
-241610→-241600,-0.006406232684097534,0.20623172882323604
-241600→-241570,-0.5472518575689791,17.652595249364154
-241570→-241560,-0.14022352868200735,4.532217636649677
-241560→-241540,-0.008629713085419845,0.2793428956255782
-241540→-241530,-0.6513820978773185,21.116819198703126
-241530→-241520,-9.213527722297556e-05,0.0029898741108072197
-241520→-241470,-0.016435691452044432,0.5349556191485018
-241470→-241450,-0.002630002858691438,0.08590252889923873
-241450→-241420,-1.8908614371275225,61.91489139277316
-241420→-241380,-1.5032069420660679,49.39399325482799
-241380→-241370,-0.3098245376652672,10.206030399229196
-241370→-241360,-0.3301376112207986,10.886049996533133
-241360→-241350,-5.7785869552501286,190.73537417639412
-241350→-241340,-1.7076847987907149,56.422402934830416
-241340→-241330,-0.00010959647787347403,0.0036247222668012425
-241330→-241320,-0.008200355025776289,0.27148451687274117
-241320→-241310,-0.0008933114013482412,0.029603943100791726
-241310→-241300,-0.003009659778606286,0.09983857208756343
-241300→-241290,-0.00020303766269246925,0.0067420479158992914
-241290→-241260,-0.16466871105306333,5.478918761927265
-241260→-241250,-0.06924264078782674,2.3084790799605663
-241250→-241240,-1.0999036640687583,36.706353441417285
-241240→-241230,-0.003031324845056975,0.10126359586066189
-241230→-241190,-0.012795549402840662,0.4285144642855785
-241190→-241180,-0.10339690530080872,3.471360922632721
-241180→-241170,-0.0121003957317543,0.40665496242268145
-241170→-241160,-0.10503472971714549,3.5334072648549046
-241160→-241140,-0.8816390536031756,29.70318391359896
-241140→-241130,-0.023071047324232027,0.7784503240281614
-241130→-241110,-0.28400422359435884,9.597095172077085
-241110→-241100,-0.02414948636312931,0.8172864715999512
-241100→-241080,-2.426032409895966,82.22699507633965
-241080→-241070,-0.040989178032760976,1.3913565591278365
-241070→-241060,-0.9398102197871123,31.93329010612629
-241060→-241050,-3.3463187274082813,113.81646158325951
-241050→-241020,-1.02928211548837,35.078478510807166
-241020→-241010,-0.0018970897958682305,0.0647832534895619
-241010→-241000,-0.027413941401798245,0.9370885250475954
-241000→-240990,-0.3641605693830196,12.460524742924589
-240990→-240970,-0.0604841050206895,2.0726982486416614
-240970→-240960,-0.009989419474946581,0.34283604877145857
-240960→-240940,-0.017644311324165125,0.6064602658989141
-240940→-240930,-2.307733215125838,79.43916123612847
-240930→-240920,-0.6016912213835468,20.732754114288724
-240920→-240910,-0.010062195705139497,0.34706462869168947
-240910→-240900,-0.5482850207831287,18.930332775052236
-240900→-240890,-0.0006970453199623747,0.024090574436358668
-240890→-240880,-9.394465658951825e-05,0.003250068362893586
-240880→-240870,-0.7885692910033142,27.30829251490918
-240870→-240850,-0.000379221345897658,0.013152214104139885
-240850→-240840,-0.056934901907928714,1.97758919595569
-240840→-240830,-0.07184416215777209,2.4979472397590987
-240830→-240820,-0.1164554142882888,4.053085210421263
-240820→-240810,-0.5187546739094314,18.072671097530336
-240810→-240800,-0.06834102929449021,2.383285718620445
-240800→-240790,-0.04746411983005935,1.6568923761262553
-240790→-240780,-8.379073702005113e-05,0.0029279196281448627
-240780→-240770,-0.019418413234222543,0.6792210741311399
-240770→-240760,-2.4214014544810274,84.78099029779494
-240760→-240750,-0.1734290440903545,6.078379188869912
-240750→-240730,-0.033215463988466844,1.1658903067660973
-240730→-240710,-0.020193036826690047,0.7102112557782488
-240710→-240700,-0.02575381053010095,0.9071494029131544
-240700→-240690,-0.043435214651312275,1.5314878920546509
-240690→-240680,-9.225419371494198,325.60569016966576
-240680→-240670,-0.012078148140111804,0.42671753841898136
-240670→-240660,-0.08532401982349286,3.0174891819965324
-240660→-240650,-1.7207381363396208,60.91489088393115
-240650→-240640,-0.07002415380134464,2.4813660088996192
-240640→-240630,-0.010738905518959275,0.3809230505339436
-240630→-240620,-0.4089542829605571,14.520656965626385
-240620→-240610,-0.015950384484700986,0.5669136760412478
-240610→-240600,-0.04093887211901446,1.4565182276012314
-240600→-240590,-0.003120192532688354,0.11112089134210738
-240590→-240580,-0.11947439475674712,4.259154900149473
-240580→-240570,-0.04657666281467776,1.6620773729739788
-240570→-240560,-0.07521242903819617,2.6866231725136407
-240560→-240530,-0.012250646445668556,0.4384748552088436
-240530→-240520,-0.06506005522325536,2.3332896799748455
-240520→-240510,-0.07618264911592637,2.7349196763723467
-240510→-240500,-0.00825027470023287,0.2964771226820318
-240500→-240490,-0.08508244906630572,3.06053276543334
-240490→-240480,-0.07097762833242714,2.5557172677432263
-240480→-240460,-0.18917318860816099,6.821852374326981
-240460→-240450,-0.02962048897211825,1.0697600261357383
-240450→-240440,-0.0017832836856709877,0.06446869085374897
-240440→-240430,-0.3149169006117496,11.396163096331689
-240430→-240420,-0.013180866325381098,0.4774643120722089
-240420→-240410,-0.014804591986483297,0.5368187492187434
-240410→-240400,-0.01854272766704357,0.6730372878112175
-240400→-240370,-0.9196194363421016,33.44584655617813
-240370→-240360,-1.5463124054134594e-05,0.0005635076768608881
-240360→-240340,-0.08626813558796699,3.148505224583446
-240340→-240310,-0.0017503168600777827,0.06404074332603371
-240310→-240300,-0.12839038077018228,4.706962305382776
-240300→-240290,-0.01283257572605798,0.47092998322311835
-240290→-240270,-0.2272343213965453,8.351564568510295
-240270→-240240,-0.01424262198946449,0.5247706596354
-240240→-240230,-0.10898072592071327,4.023442872541832
-240230→-240220,-0.05201194996173258,1.9221423687129202
-240220→-240210,-0.8269962232787157,30.592869536562986
-240210→-240200,-0.09644193765078515,3.5712223308121915
-240200→-240190,-0.008763729460059684,0.32484351129753763
-240190→-240180,-0.020988163169042836,0.7787426104490963
-240180→-240150,-0.018107524428680785,0.6732046886818555
-240150→-240140,-0.042455202897456946,1.5815667228382384
-240140→-240130,-0.0013359706246583668,0.04981817106165929
-240130→-240100,-0.0008190985694483687,0.030605225487502642
-240100→-240090,-0.0007554251050340029,0.02828260286149661
-240090→-240080,-0.001900967643514611,0.0712421404435183
-240080→-240070,-0.023885303269714716,0.8960397311127539
-240070→-240060,-0.9756587420876147,36.63774370128008
-240060→-240050,-1.1383334372501235,42.7892373235402
-240050→-240030,-0.153660410632104,5.7846681707765
-240030→-240020,-0.004031967303805922,0.15201445005668637
-240020→-240000,-0.8775042490206211,33.13359109425149
-240000→-239990,-2.3870013534733703,90.26582474833197
-239990→-239970,-0.02171837637682844,0.8225256567478434
-239970→-239960,-0.003846546135384935,0.14589635887538466
-239960→-239950,-4.360434615888162e-05,0.0016555319214852642
-239950→-239940,-1.013454035169501,38.51643734734895
-239940→-239930,-1.1530784782132506,43.866722994657835
-239930→-239890,-0.017623327352989153,0.6721247937074586
-239890→-239880,-0.7602017949750521,29.06541849775119
-239880→-239870,-0.5021316611726836,19.21761853990275
-239870→-239860,-0.057782152457587915,2.2136550739342855
-239860→-239840,-2.321667314083921e-05,0.0008907742037146155
-239840→-239820,-0.05919976151709659,2.2759155715298895
-239820→-239780,-1.3329483347711752,51.3987224882468
-239780→-239760,-0.051789248520991815,2.0030022444842395
-239760→-239740,-0.01458934887956212,0.5653876034256853
-239740→-239720,-0.6562855213723571,25.484243195922215
-239720→-239700,-0.10780325699419215,4.194491758110102
-239700→-239690,-0.05872495470301517,2.2883453258538347
-239690→-239680,-0.28948083724331486,11.291534484411462
-239680→-239660,-0.21584189747127994,8.431800153748476
-239660→-239650,-0.01912333236784056,0.7481687023981701
-239650→-239640,-1.5792906622625988,61.84894611675195
-239640→-239620,-0.02574482672576377,1.0097447843407454
-239620→-239610,-0.003033960087049096,0.11917438453301786
-239610→-239600,-0.07778613821305823,3.0585074187907098
-239600→-239590,-0.009626254919944356,0.37887762510587414
-239590→-239570,-0.7475486169888664,29.46676445842822
-239570→-239560,-4.304214548095089e-05,0.001699175859944533
-239560→-239550,-0.05645471261665827,2.2308937774513242
-239550→-239540,-0.004515977110355753,0.17863423560620495
-239540→-239530,-0.0004057749442199581,0.016066913790731333
-239530→-239510,-0.22153605708432214,8.785026334365748
-239510→-239500,-0.0395354565303389,1.5701343439184452
-239500→-239490,-0.03460986924427606,1.3758918125067492
-239490→-239480,-0.16442670604114948,6.54321148085983
-239480→-239470,-4.5119536702822405,179.7287297411661
-239470→-239460,-1.0917945475013142,43.5339493016638
-239460→-239450,-0.00016961256397021165,0.006769856110862407
-239450→-239440,-0.00032325557288841194,0.012915217145288243
-239440→-239430,-0.033927862976800845,1.3568957115126472
-239430→-239420,-10.152166396056835,406.4273864357281
-239420→-239410,-0.09709363583043483,3.8908928778510856
-239410→-239400,-0.0038741466607356985,0.15540637855062112
-239400→-239390,-0.0005376130738384672,0.021587227923504558
-239390→-239380,-0.15242351655864048,6.126512236032705
-239380→-239360,-0.000160508032698107,0.006461145321606135
-239360→-239330,-0.06552993354242367,2.644466969199248
-239330→-239320,-0.007817853406295283,0.31612183009559347
-239320→-239310,-0.00020053757395214678,0.00811702706903106
-239310→-239300,-0.15289014410096075,6.194624707065455
-239300→-239290,-1.5154368336898898,61.4621321420729
-239290→-239250,-0.0012367439821631195,0.050284631389693316
-239250→-239240,-0.04139571542249378,1.687316446614775
-239240→-239200,-0.24909953127040538,10.178874018541075
-239200→-239190,-0.00833626639834336,0.34149480045273695
-239190→-239180,-0.14945109186856947,6.1283826712536795
-239180→-239170,-0.1603847865024653,6.583308798900263
-239170→-239160,-0.45943589417036695,18.877316237079125
-239160→-239140,-0.46643217119958263,19.193546785125978
-239140→-239130,-0.0018478907141618438,0.07615430000704722
-239130→-239120,-0.37352467397518263,15.40890279803967
-239120→-239110,-0.002283434389250973,0.09429208311989869
-239110→-239100,-0.0011333528525379844,0.04684746633543697
-239100→-239090,-0.0011628172916237458,0.04811347442744999
-239090→-239080,-0.007464693461413,0.30917294965744896
-239080→-239070,-0.39484067164985026,16.369886417100698
-239070→-239050,-0.054974977304407834,2.2826548669152205
-239050→-239040,-0.02654710616505585,1.1039357275424149
-239040→-239020,-0.0018270406306799276,0.0760897604869579
-239020→-239000,-0.09990876081684393,4.169175043559557
-239000→-238990,-0.002023573217626816,0.08457010874125388
-238990→-238970,-0.6679556079587299,27.957412592456535
-238970→-238960,-0.00010760063619931126,0.004510405869231175
-238960→-238950,-0.0007788046742971056,0.03267861236195001
-238950→-238940,-1.1938189770396026,50.14271071766639
-238940→-238930,-0.4807518753785219,20.212712087060765
-238930→-238910,-0.02712924064351032,1.1423328076543666
-238910→-238890,-0.15291396320623343,6.451648558149418
-238890→-238880,-0.07385290185667755,3.120631809799982
-238880→-238870,-0.03445312463402092,1.4572627193489482
-238870→-238860,-0.025506770756749116,1.0799384179849207
-238860→-238850,-5.014754272629697e-07,2.1253352339047845e-05
-238850→-238840,-0.010840234508031052,0.45988657853681864
-238840→-238830,-0.00010794680136919965,0.004584121380348205
-238830→-238820,-0.2801929778957008,11.910715473352836
-238820→-238810,-0.0003786746986374653,0.0161131765081966
-238810→-238800,-0.01061971319430303,0.45233681605637677
-238800→-238790,-0.004166938994550192,0.17766446148836174
-238790→-238780,-0.008942893130382507,0.38167677609278433
-238780→-238770,-1.6049027775764575,68.56471826166991
-238770→-238760,-0.004893016334496674,0.20924876597699008
-238760→-238750,-0.1760926248911696,7.538096275336026
-238750→-238740,-0.06827273601303072,2.925513407928421
-238740→-238730,-0.7297506706248129,31.301385479562917
-238730→-238720,-0.5302998934765449,22.769047905418716
-238720→-238710,-0.15583158572391156,6.6975057286306345
-238710→-238680,-5.164267442038618,222.4000467806283
-238680→-238660,-0.024490840988534223,1.0573421121411792
-238660→-238650,-0.1387079610437911,5.9974222724312165
-238650→-238640,-0.0006228564111247268,0.026957862395347063
-238640→-238630,-0.8467098408645815,36.683130706058115
-238630→-238620,-0.009585297219125254,0.41569197703848954
-238620→-238610,-0.0018065908537728173,0.07842601328645273
-238610→-238600,-0.6767213592478117,29.406577946515352
-238600→-238590,-0.4397640318063461,19.12883770949605
-238590→-238580,-0.4404013029688513,19.17572288467535
-238580→-238570,-0.006558915988555322,0.28587059833752304
-238570→-238560,-0.02714637221229562,1.1843593550106537
-238560→-238550,-0.0008450772791380477,0.03690646024870948
-238550→-238540,-0.0015832237636543573,0.06921218192462708
-238540→-238530,-0.09472280113171118,4.145043055636095
-238530→-238520,-0.0179728590889131,0.787274084733643
-238520→-238510,-0.0007783545732045939,0.03412876245183216
-238510→-238500,-0.4284240467530445,18.804040199850856
-238500→-238490,-0.010675631759266889,0.46903493314882055
-238490→-238480,-0.1330847371037792,5.852940759617924
-238480→-238470,-26.309839316094067,1158.239430843827
-238470→-238460,-1.0798832943797734,47.58731984728429
-238460→-238450,-0.14801422725562088,6.529082523914634
-238450→-238440,-2.5395841009188136e-05,0.0011213613107837164
-238440→-238430,-0.00037207359715118657,0.01644546259358172
-238430→-238420,-2.83919441048385e-06,0.00012561648747402916
-238420→-238410,-0.15383147309737655,6.812883862176876
-238410→-238390,-4.250732929799696,188.53892016679814
-238390→-238380,-0.02938118260316333,1.3051423358038134
-238380→-238370,-0.14746502289030852,6.557101410870547
-238370→-238300,-28.0459887993151,1252.076098582315
-238300→-238290,-0.2842067455752212,12.738885720057354
-238290→-238280,-0.18002134834450642,8.077097827905247
-238280→-238270,-0.03836209708335133,1.7229312398835308
-238270→-238260,-2.0407201734635065,91.74519667791004
-238260→-238250,-2.9011611731071345,130.55875729336867
-238250→-238240,-4.491353478363609,202.32318825096456
-238240→-238230,-0.007137201385861395,0.32183305497152886
-238230→-238220,-0.0022771839231462117,0.1027862634100952
-238220→-238210,-2.003897652493127e-06,9.05413110135352e-05
-238210→-238190,-0.14914873742963008,6.74904358257712
-238190→-238180,-0.5543500861390378,25.122229563383517
-238180→-238170,-0.048474412962231685,2.1989780363491693
-238170→-238160,-0.8024002643331967,36.43624965157967
-238160→-238150,-0.02162717811948475,0.9830525539995734
-238150→-238140,-0.02997306545721174,1.3637737085867343
-238140→-238130,-0.01798708707347753,0.8192307803138936
-238130→-238120,-1.4641626585979735,66.752728745637
-238120→-238110,-12.655643515984861,577.5614565482981
-238110→-238100,-3.0604673018995787,139.80927591370016
-238100→-238090,-0.030972662531536736,1.4163189175799398
-238090→-238080,-0.13187304597807634,6.036327936219783
-238080→-238070,-0.4377571176430532,20.057845284644745
-238070→-238060,-0.23189931863446633,10.636158640203126
-238060→-238050,-1.6653840582690955e-07,7.645994997816104e-06
-238050→-238040,-0.005792444122449917,0.2662047081536472
-238040→-238030,-3.1006821242048224,142.64133588536572
-238030→-238020,-0.007519892019745819,0.34628527874306125
-238020→-238000,-0.06679194762668376,3.080334935557843
-238000→-237990,-0.008538465819967879,0.3943711050133443
-237990→-237980,-0.9059626653667101,41.88608952721562
-237980→-237970,-0.04353397640909636,2.01475446167679
-237970→-237960,-0.002538507384780704,0.1175997754623036
-237960→-237950,-0.19337769490665083,8.967444824733377
-237950→-237930,-1.8436339925608227,85.62260766053295
-237930→-237910,-0.3036614044776794,14.130967098215546
-237910→-237890,-0.08435138889175288,3.933173208728163
-237890→-237870,-3.9637647461033625,185.19414435296977
-237870→-237860,-0.14015184114011373,6.557972579055453
-237860→-237840,-0.15528397848669506,7.276940897985101
-237840→-237830,-2.7768811874953547,130.3259518884988
-237830→-237820,-0.2665284713887441,12.521359612940682
-237820→-237810,-2.1692411616058496,102.01170105678082
-237810→-237790,-0.01746669489238319,0.8226295314652436
-237790→-237780,-0.005916377885611381,0.2790621117129792
-237780→-237770,-0.36817277702784434,17.383247645847614
-237770→-237760,-0.0010231100897137365,0.048354387262414734
-237760→-237740,-0.01370721787064812,0.6488050800294222
-237740→-237730,-0.7689412719095459,36.451004991986345
-237730→-237720,-0.07301197347736715,3.464532942578488
-237720→-237710,-0.04786646097370189,2.273611197702615
-237710→-237700,-0.2316277999399078,11.013106411592021
-237700→-237690,-0.05944771027591982,2.8293622700679504
-237690→-237670,-1.9683762755558776,93.8237867541804
-237670→-237660,-0.00027642023933213596,0.013195507051121469
-237660→-237640,-0.0006530769043775026,0.031222809485019792
-237640→-237630,-0.01796825038989535,0.8603295770381619
-237630→-237620,-6.9026370747737325,330.8326588226089
-237620→-237610,-0.08368943494478491,4.015117358592417
-237610→-237600,-2.2969194807724977,110.30816299685686
-237600→-237590,-0.02001648038071415,0.96224102498919
-237590→-237580,-0.46285088909952987,22.272631354287896
-237580→-237570,-0.00015399479916272378,0.007417725419418137
-237570→-237560,-0.009219588566191112,0.4445396597525987
-237560→-237550,-0.0013341585683248381,0.06439330183911503
-237550→-237530,-0.00037287338718993476,0.018023786815797818
-237530→-237500,-0.16172367210251568,7.836893227657763
-237500→-237490,-0.4072581984584579,19.774645984846785
-237490→-237460,-0.24845843737405365,12.088187188315281
-237460→-237450,-0.05953875985951783,2.902523582587275
-237450→-237440,-0.01767247737534718,0.8623978789111152
-237440→-237430,-0.305447804241901,14.920436394057669
-237430→-237420,-0.2581316365743368,12.62176313442975
-237420→-237410,-0.13713779716597646,6.712282599359913
-237410→-237400,-1.0882508748813473,53.31830828323551
-237400→-237390,-1.981917628790617,97.20021148233725
-237390→-237370,-0.9530823353552569,46.81267285260894
-237370→-237360,-0.058656854527936994,2.8853811997209173
-237360→-237350,-7.589799665180875,373.72230002159057
-237350→-237340,-0.03871468315832889,1.9082210501536854
-237340→-237320,-1.6919879717865138,83.52214774260743
-237320→-237300,-0.0566864557041704,2.803833571858728
-237300→-237290,-0.03807272257793111,1.8859851601277753
-237290→-237280,-0.15533427156244844,7.702396917454386
-237280→-237270,-0.01018932197482656,0.5057526514159312
-237270→-237260,-0.02757156370706404,1.3698990130168784
-237260→-237250,-5.108563715708452,254.07401019898757
-237250→-237230,-0.03502047110198264,1.7443547857819666
-237230→-237220,-0.011714062695192602,0.5843483073131955
-237220→-237200,-0.026744318504798945,1.3361253109332194
-237200→-237190,-6.388522388144628,319.64468367239
-237190→-237180,-0.06181001706331985,3.0957095063448437
-237180→-237170,-0.051112936495021966,2.5625151546035427
-237170→-237160,-2.0174323824308527,101.24390098211694
-237160→-237150,-0.0756330901260998,3.799408589989474
-237150→-237140,-10.621155240567177,534.084759222767
-237140→-237130,-0.0041112125795857825,0.2069391375254592
-237130→-237120,-0.5134821041029224,25.872136035792746
-237120→-237110,-0.024765809294104327,1.249090113886775
-237110→-237100,-3.086963196905956,155.8500590946373
-237100→-237090,-6.405306093889201,323.7052035240511
-237090→-237080,-0.02702454918939697,1.3671070503078206
-237080→-237070,-0.05346441148854034,2.7073420484343758
-237070→-237060,-0.7988103135420701,40.49079222059214
-237060→-237050,-0.045148567589391786,2.2908194378964484
-237050→-237020,-0.03860542029324694,1.9627442502586894
-237020→-237010,-0.02191845497412801,1.1165904574592735
-237010→-237000,-0.07576577485503129,3.8635925171816328
-237000→-236990,-1.4268125270781946,72.83153002977583
-236990→-236980,-0.36021144059363247,18.405359087768687
-236980→-236970,-0.3223759778518673,16.488598308380755
-236970→-236960,-0.012277538111494016,0.6285887863070097
-236960→-236940,-0.11832159307916343,6.066954749335818
-236940→-236930,-0.00016687388790130703,0.008569323555782113
-236930→-236920,-0.7304881338829248,37.549624201462834
-236920→-236910,-0.046778250768130566,2.4069700135645413
-236910→-236900,-0.040590882931263776,2.0906891867262147
-236900→-236880,-0.06445499797327028,3.324826467241275
-236880→-236870,-0.0005247421217917151,0.027108764213775435
-236870→-236850,-0.0008071774208319352,0.041762280612002
-236850→-236840,-0.11155882251972674,5.780568250161686
-236840→-236810,-1.3808061329107852,71.69153253575567
-236810→-236800,-7.332954539984431,381.48959320151954
-236800→-236780,-0.23330398862668522,12.155624487612377
-236780→-236770,-0.000868110305373447,0.04529825086717188
-236770→-236760,-0.025228120866458408,1.3177277645196859
-236760→-236750,-0.10629788287963192,5.5577586235215435
-236750→-236730,-0.04108544136233131,2.151366651438953
-236730→-236720,-0.25525314590099746,13.38594351281479
-236720→-236710,-0.3969375140648513,20.836957356253436
-236710→-236700,-0.17187146446030202,9.031298728577031
-236700→-236690,-0.0006075463181456968,0.03195656538992399
-236690→-236670,-0.012082477573920985,0.6364849073014359
-236670→-236660,-0.0017720896419595083,0.09349087154236956
-236660→-236640,-0.48174044637934754,25.45353120588396
-236640→-236630,-1.0990764535617101,58.158640137131584
-236630→-236620,-0.01707887852470008,0.9046486969026488
-236620→-236600,-5.025150176135611,266.57601204307184
-236600→-236590,-0.004333588580457377,0.23023487472460427
-236590→-236570,-0.13417560528391953,7.139181167130327
-236570→-236560,-0.0028938679728527524,0.1542073103528637
-236560→-236550,-0.20004398394032463,10.670530630805144
-236550→-236540,-0.21650190094984717,11.559964714717125
-236540→-236530,-0.008746574549422487,0.46748434229330443
-236530→-236520,-0.11164378271076324,5.973073830145095
-236520→-236500,-0.00790555427124158,0.42359134090621364
-236500→-236490,-0.034342704317070545,1.8428952432259824
-236490→-236460,-0.011159374014615002,0.600032173099825
-236460→-236450,-0.026691949406735496,1.4380816425105578
-236450→-236440,-0.15924394902250436,8.588166609974062
-236440→-236430,-0.018507871663364376,0.999144436250447
-236430→-236420,-2.5671435315912166,138.72547449309812
-236420→-236410,-0.3583094601168497,19.382001154820532
-236410→-236400,-0.002548563430657248,0.13799713195849972
-236400→-236370,-0.26793591829936314,14.536976752619879
-236370→-236360,-0.04498047672280786,2.4453203288561647
-236360→-236340,-0.2654888927527408,14.454712887577855
-236340→-236310,-2.3536720643365503,128.46793643952685
-236310→-236300,-1.1488505959364954,62.83200157701047
-236300→-236280,-1.346173948405122,73.73436285332107
-236280→-236270,-0.1971453031717199,10.81450371323949
-236270→-236260,-0.2399711970512135,13.17690909864772
-236260→-236250,-0.0004238085955526793,0.023294772074911683
-236250→-236240,-3.702699971498596,203.72367427236944
-236240→-236230,-0.18642494714538202,10.267418848817213
-236230→-236220,-0.027822728361891123,1.5338794843577197
-236220→-236210,-0.005714187730870926,0.3153408981537368
-236210→-236200,-0.10078924712227934,5.567680042738574
-236200→-236190,-0.10369093222324197,5.733702039144506
-236190→-236180,-0.18078148268051697,10.006508258383503
-236180→-236160,-0.018987869573765453,1.052582786007451
-236160→-236150,-0.0005060006666035701,0.02809199105620468
-236150→-236140,-0.0008743315683679796,0.04858943671773613
-236140→-236130,-0.8519183176922341,47.39122496411098
-236130→-236120,-0.0004396956586907785,0.024484228756350913
-236120→-236110,-0.03956011375232083,2.2050886572019768
-236110→-236080,-0.017965850096201743,1.0034248236318903
-236080→-236070,-0.14215110971022343,7.955287309195055
-236070→-236060,-0.07690693571703504,4.3082946246987035
-236060→-236050,-1.2419098224900447,69.64087548733265
-236050→-236040,-0.171762935477393,9.641350838438544
-236040→-236030,-0.08053463668921365,4.525071121979686
-236030→-236020,-0.00011180724899544447,0.006288498191121184
-236020→-236000,-0.21966770087165385,12.37355782381007
-236000→-235990,-2.1299341954857992e-05,0.0012015614405083976
-235990→-235980,-0.824035383396541,46.53287971166692
-235980→-235970,-3.4784677151141064,196.62390597602973
-235970→-235950,-1.5977343384530618,90.44911474226441
-235950→-235940,-0.770469800739767,43.682429177616235
-235940→-235920,-0.025311561022689232,1.4372142008035649
-235920→-235910,-8.238219696059554,468.47600165289657
-235910→-235900,-0.601922037554524,34.26324531648569
-235900→-235890,-3.7937380106407583,216.1672314559084
-235890→-235870,-0.3138409793908194,17.909505060783886
-235870→-235860,-0.005858588352349945,0.3348253462454237
-235860→-235850,-0.02572750645819085,1.4718288498837706
-235850→-235840,-0.7514268908969333,43.030918989232795
-235840→-235830,-0.0022624843081087754,0.1296921640128541
-235830→-235820,-0.00146192716713967,0.08388574590159092
-235820→-235810,-0.008104852470062825,0.4655237263484481
-235810→-235800,-0.0738875458440842,4.248173262554721
-235800→-235790,-0.046357968936550586,2.66802351086091
-235790→-235770,-1.3329685948857928,76.83101644131348
-235770→-235760,-0.00011677293331703215,0.006740781660760829
-235760→-235740,-0.045854649409556025,2.6509580599600526
-235740→-235720,-0.2047730599488646,11.86207990573836
-235720→-235710,-2.9623287459590038,171.85916098148004
-235710→-235700,-0.33883926766073724,19.677387653605592
-235700→-235680,-3.4132169156369634,198.51302418316996
-235680→-235670,-1.0695884421364574,62.300743090881646
-235670→-235660,-0.05341493716453371,3.1143937560054558
-235660→-235650,-8.13182124812196,474.60563952251925
-235650→-235640,-0.0010991151585729914,0.06421293802050514
-235640→-235630,-1.3240413649810714,77.43105378711891
-235630→-235620,-0.007092812906455784,0.4152086508679078
-235620→-235600,-0.0014653036113794473,0.08590667663678651
-235600→-235590,-7.102472924948396e-05,0.004170232747957918
-235590→-235580,-0.04411919277694837,2.593059834185353
-235580→-235570,-7.145447376635409,420.3864199438333
-235570→-235560,-0.5099300504603013,30.03060846770664
-235560→-235550,-0.0412011607509376,2.428830736032911
-235550→-235540,-1.410304182777769,83.22137084914827
-235540→-235530,-0.01270888063270041,0.7506952100675589
-235530→-235520,-0.0013996480899432836,0.08275790208119904
-235520→-235510,-0.3586921117946581,21.229839734005477
-235510→-235500,-0.050675932502761895,3.00234718349426
-235500→-235490,-0.031708754323859716,1.8804968763451706
-235490→-235480,-0.002416710899472275,0.1434671294225151
-235480→-235470,-0.02359740515941995,1.4022525228903848
-235470→-235460,-0.002091825812641469,0.12442904597911977
-235460→-235450,-0.09236702043302872,5.499807142838792
-235450→-235420,-0.009488603821930291,0.566110728963485
-235420→-235410,-2.116481791992624e-05,0.001265266920834591
-235410→-235400,-0.8908317483951046,53.308636759066296
-235400→-235390,-0.007002889213614089,0.41948208574681534
-235390→-235380,-0.025997056719043506,1.5588151477291114
-235380→-235370,-29.177191332259564,1751.2501753199742
-235370→-235360,-1.6105220631205666,96.76218350910275
-235360→-235340,-2.1023489458773024,126.50135919901801
-235340→-235330,-0.060175350840667656,3.626272450356868
-235330→-235310,-0.3665539194703117,22.122340692794573
-235310→-235290,-0.35651518391621195,21.559554640938927
-235290→-235280,-0.0640246402555701,3.87757592496963
-235280→-235260,-0.1635061982542348,9.91742199476404
-235260→-235250,-1.1976793114534571e-05,0.0007275394197287139
-235250→-235240,-0.03341737089087624,2.031994524095047
-235240→-235230,-0.0803290748693346,4.88941941322161
-235230→-235220,-1.7614682053869304,107.32319881361408
-235220→-235210,-0.015803180188128443,0.9638236190128889
-235210→-235190,-0.6052232312221006,36.9674991679158
-235190→-235170,-0.019873693350421467,1.2163305415834702
-235170→-235130,-0.34555861331228305,21.21277904427035
-235130→-235120,-0.134281468938162,8.263758390463114
-235120→-235110,-0.009350861693467426,0.5760330925265778
-235110→-235080,-0.015165523080782489,0.9360989116656543
-235080→-235060,-0.032313003257194946,1.9995273656074282
-235060→-235050,-1.3554986616972389,84.00410907684055
-235050→-235040,-1.9785954978615021,122.74186739480332
-235040→-235030,-0.014717965701029382,0.9139401762978441
-235030→-235020,-0.06270248439142001,3.8975258482473834
-235020→-235010,-0.00114724002406476,0.07138267489225855
-235010→-234990,-0.055315761245535985,3.4469805330812955
-234990→-234980,-0.019143034171035894,1.1946814516848092
-234980→-234970,-4.001402116560052e-05,0.0024996995770238685
-234970→-234960,-0.01850009963948498,1.1568684026792966
-234960→-234950,-3.3249883573937147e-05,0.0020812981283179943
-234950→-234930,-0.01586257272187609,0.9944185109009755
-234930→-234910,-0.00026320502388873775,0.01653325232974932
-234910→-234900,-0.3454273413363613,21.730626059810753
-234900→-234890,-0.009878509500343866,0.6220728155753944
-234890→-234860,-0.28424582250001623,17.935456606372135
-234860→-234830,-0.004528140462100703,0.2865768174231414
-234830→-234810,-0.0003002576273070369,0.019050259480554912
-234810→-234790,-0.01354052993207489,0.860817434168685
-234790→-234760,-0.19970739026081494,12.727854764323633
-234760→-234750,-0.04388379064102877,2.80242342538796
-234750→-234710,-3.5946466682071206e-05,0.0023012908481416837
-234710→-234690,-0.0008407062854891324,0.053983671074652
-234690→-234680,-0.0010930675522686346,0.07029372077732156
-234680→-234670,-0.02512227860644377,1.6171966383084095
-234670→-234650,-1.2453765922106687e-15,8.028897433403752e-14
-234650→-234640,-0.02726625409267306,1.7604840638100192
-234640→-234630,-0.004778463309076789,0.30883687475409827
-234630→-234610,-0.06410495555632421,4.149386655470799
-234610→-234590,-0.09770302695715535,6.336783462982388
-234590→-234580,-0.03883862448693274,2.5227609369921993
-234580→-234570,-0.3357413748950456,21.82988231927637
-234570→-234560,-0.07735286625469473,5.034510065877331
-234560→-234550,-0.1631473441614117,10.62906551328779
-234550→-234540,-0.0006980848448370325,0.04552579704695666
-234540→-234530,-2.7845512798634832e-05,0.0018177696214162205
-234530→-234500,-0.1141938810162752,7.469559649989925
-234500→-234490,-4.233872836062793e-06,0.00027749714671852934
-234490→-234480,-0.002253435996111401,0.14784281129825141
-234480→-234460,-0.09891329502735864,6.499217385257683
-234460→-234450,-3.484117139195782e-05,0.0022927175275706912
-234450→-234440,-0.15295054013597179,10.07495444114401
-234440→-234430,-0.0034978005331468935,0.23063296819768364
-234430→-234410,-0.03062743083727759,2.022499047114916
-234410→-234400,-0.003022789951656724,0.1999112049630057
-234400→-234390,-0.001245515542383171,0.0824541636876742
-234390→-234380,-0.10350849459188603,6.85920377018846
-234380→-234370,-0.0003334735134342545,0.022120418058460333
-234370→-234350,-0.027238160168742066,1.8095107345002397
-234350→-234340,-8.779365264946631e-05,0.005841144119826301
-234340→-234330,-0.0002503740580526347,0.016674714424295956
-234330→-234320,-0.001737108314922784,0.11580578325118895
-234320→-234310,-0.0003694441856074227,0.024653946990570004
-234310→-234300,-0.0003339937762760062,0.022310549598175373
-234300→-234270,-0.0010299035099385417,0.06893455532934753
-234270→-234250,-0.030633927571567313,2.055553588481261
-234250→-234230,-0.0223531372281408,1.5029106154339238
-234230→-234210,-0.0008787071139711283,0.059198043796661305
-234210→-234200,-0.00015532417812242686,0.010479816702087124
-234200→-234190,-0.0033665024244931246,0.227367206905154
-234190→-234180,-7.49387302667424e-05,0.005066283613786144
-234180→-234170,-0.5408974968792538,36.604325814163026
-234170→-234140,-0.04378864040428868,2.9692546631386563
-234140→-234130,-0.0005755826018327553,0.03910769232609741
-234130→-234080,-3.3034033869442627,225.1225294469114
-234080→-234070,-0.1789237325431231,12.230046768805016
-234070→-234060,-0.02020772580647741,1.382648801604643
-234060→-234050,-0.00021656589808566687,0.014832651219040524
-234050→-234030,-0.008599799162601509,0.5898864659117767
-234030→-234010,-3.19080490474437e-05,0.002193051949960841
-234010→-233990,-0.003536334077159968,0.24354011129914163
-233990→-233980,-0.0009006473777893583,0.062118850733475665
-233980→-233970,-0.0014494220735121318,0.10006858690486146
-233970→-233940,-0.9086182253356344,62.856889413751155
-233940→-233900,-0.000819937258088556,0.05692093398315905
-233900→-233840,-0.03289177876960619,2.294827896619049
-233840→-233830,-0.07215852186024986,5.052081443280733
-233830→-233820,-0.1630084137717082,11.424231865249396
-233820→-233790,-0.003764684178450278,0.2643711632563433
-233790→-233780,-0.010372358328329268,0.7298466019515084
-233780→-233770,-8.833657731540997e-05,0.006221984423389828
-233770→-233760,-0.02155602519432322,1.5198170304192566
-233760→-233730,-1.049306331252126,74.12990832373382
-233730→-233700,-0.0002507016776468965,0.01776442800408294
-233700→-233680,-0.023171752152322263,1.6460330256455091
-233680→-233670,-0.00423776566713036,0.3014866022188759
-233670→-233640,-0.009487616041889689,0.6763269998871072
-233640→-233620,-1.1699942939663799e-05,0.0008361208440190379
-233620→-233560,-0.6557622808690509,47.05099698151873
-233560→-233530,-0.0017843543540786596,0.1286049633724766
-233530→-233520,-0.00039823243934636874,0.02875953134612074
-233520→-233500,-0.0005671665445778437,0.04102108895130103
-233500→-233490,-0.41353981751932617,29.954723884918366
-233490→-233470,-0.3851847155861292,27.942704870229687
-233470→-233460,-9.999130550837223e-05,0.0072646224070993665
-233460→-233450,-0.0006552896112855004,0.04765608513076376
-233450→-233440,-0.0007193076886145388,0.05236414963880392
-233440→-233420,-0.16441292359342383,11.986895355359108
-233420→-233410,-0.009420022236643967,0.6878188902030318
-233410→-233400,-0.00044347217830092143,0.03241326821586991
-233400→-233390,-0.0003313212624498252,0.02424041351470899
-233390→-233360,-0.00035835263070632483,0.026270591975987134
-233360→-233350,-0.00034190767288201575,0.025115200801523525
-233350→-233340,-0.06605789371646342,4.857209126827928
-233340→-233280,-0.001727817485433668,0.12749110929083643
-233280→-233250,-0.0006868163393497669,0.05090692693992616
-233250→-233190,-0.09735050650501571,7.248175586423811
-233190→-233150,-0.1816218089607342,13.590325259085102
-233150→-233040,-5.400569279160747,407.153752069832
-233040→-233020,-0.16818672455676717,12.762430363856074
-233020→-232960,-0.0034108753291044163,0.25986309675083824
-232960→-232650,-9.020898087247344,700.1040442681067
-232650→-232500,-0.11248642790067762,8.933079711247586
-232500→-232380,-3.8886894254950017,313.0163515995454
-232380→-232290,-0.04643629748918944,3.7772977060685546
-232290→-232250,-0.008171531172827474,0.6690365509786639
-232250→-232220,-0.003820458388285576,0.31389314513611105
-232220→-232210,-0.0017784036467968227,0.1464081468414726
-232210→-232160,-0.00042626833611812025,0.03519822761600092
-232160→-231960,-0.31844793934995,26.625917020558063
-231960→-231940,-0.004455100106444453,0.376617589005297
-231940→-231850,-4.484226196803366e-07,3.811703785234188e-05
-231850→-231780,-0.034209969787077854,2.931288098581001
-231780→-231550,-0.017098446315304917,1.4872245805474582
-231550→-231330,-5.504704325086145,489.6942894292616
-231330→-231320,-0.000932188291553518,0.08388587202837423
-231320→-231250,-1.0391040791476136,93.88178114415142
-231250→-230400,-0.05152397912189757,4.8742546396797675
-230400→-230270,-0.000985738686429365,0.09793546396247828
-230270→-230210,-5.328886497853817,534.490813549963
-230210→-229320,-0.028628789111582387,3.011166090411002
-229320→-227500,-4.133534420866196,497.84855421337727
-227500→-226830,-0.008058888258964772,1.0993039426511464
-226830→-226350,-0.004323423124783741,0.6246562315431788
-226350→-225720,-1.5274419918542197,233.2814468632797
-225720→-223340,-0.022583108855632424,4.009195682145613
-223340→-223330,-0.01965280154067143,3.93181966461412
-223330→-221160,-3.8113412725588387,850.3205823489099
-221160→-218200,-10.31005710179224,2972.7397437085074
-218200→138160,-0.06987484884459567,1277501037.0912986
138160→887270,-1.1173734549832951e-09,2.060699218617115e+25
